Farm_ID,Crop_Type,Farm_Location,Nitrogen_Percent,Phosphorus_ppm,Potassium_ppm,Soil_pH,Rainfall_mm,Yield_kg_per_ha,Planting_Date,Harvest_Date
GH-00360,Cassava,Brong Ahafo,0.88,25.9,210.3,4.58,1377.7,9439.3,2022-05-01,2023-02-28
GH-00844,Groundnut,Brong Ahafo,1.61,23.8,278.0,5.87,1129.7,1469.7,2022-08-08,2022-12-15
GH-00845,Yam,Brong Ahafo,2.36,18.9,243.8,5.66,1135.1,14754.1,2022-10-02,2023-04-04
GH-00329,Soybean,Upper West,1.51,19.1,187.4,6.66,1024.3,2103.8,2023-08-04,2023-11-22
GH-01507,Soybean,Northern,2.67,13.5,146.5,5.72,1016.9,1281.4,2022-04-21,2022-07-29
GH-01606,Groundnut,Greater Accra,1.18,45.2,282.7,5.14,874.3,1774.3,2023-09-11,2024-01-07
GH-01152,Yam,Upper West,2.65,35.9,53.4,6.43,918.2,16326.3,2022-11-26,2023-09-20
GH-01222,,Ashanti,2.74,,213.3,6.01,1830.0,2548.4,2022-07-13,2022-11-12
GH-00362,Maize,Central,1.53,26.6,123.2,5.14,1203.9,3209.2,2023-07-16,2023-11-25
GH-01487,Groundnut,Upper East,2.48,17.5,234.7,6.66,969.3,2449.3,2022-01-23,2022-05-18
GH-00639,Rice,Upper West,1.3,16.5,142.0,6.89,909.3,3299.0,2022-09-21,2022-12-21
GH-01557,Rice,Northern,1.47,,273.9,5.98,1010.9,2312.0,2023-08-05,2023-12-16
GH-00379,Rice,Northern,0.55,35.6,123.1,5.0,1000.4,4160.2,2023-11-19,2024-04-15
GH-00165,Rice,Brong Ahafo,3.29,19.4,199.5,4.84,1380.4,4190.6,2022-07-21,2022-10-27
GH-01581,Cocoa,Upper West,1.89,44.7,99.5,6.57,1017.6,816.6,2022-07-16,2023-04-11
GH-01856,Rice,Central,1.62,9.3,209.1,5.35,1234.0,3915.9,2022-10-12,2023-01-16
GH-01374,Rice,Northern,,41.6,108.5,5.51,1036.9,2081.0,2023-07-09,2023-10-24
GH-01837,Plantain,Volta,1.5,27.1,116.6,6.51,1169.7,8474.6,2022-05-24,2022-10-18
GH-00384,Yam,Central,3.03,,218.1,5.29,1126.4,17053.9,2023-08-06,2024-04-13
GH-00780,Cassava,Central,1.88,28.1,90.9,6.19,,17671.8,2022-04-21,2023-08-26
GH-01896,Groundnut,Volta,2.73,36.8,274.7,6.89,,1200.4,2022-12-22,2023-05-04
GH-00202,Soybean,Eastern,0.54,46.2,97.0,5.95,1259.3,1687.1,2022-10-04,2023-02-14
GH-00941,Cocoa,Ashanti,1.6,27.0,98.9,6.51,,712.3,2022-12-21,2023-09-30
GH-00850,Plantain,Upper West,3.08,26.8,260.6,6.3,1111.6,11258.9,2022-09-12,2022-12-21
GH-01338,Plantain,Upper West,1.76,14.9,59.3,7.36,1032.0,8097.8,2022-10-03,2023-02-11
GH-00482,Plantain,Eastern,1.85,25.6,268.6,4.64,1621.6,11927.1,2023-07-27,2023-04-06
GH-00311,Soybean,Brong Ahafo,1.1,,118.5,6.56,1294.3,2423.5,2023-02-28,2023-07-13
GH-00750,Rice,Central,2.64,40.5,80.7,6.31,1057.7,3664.9,2023-04-03,2023-07-27
GH-00014,Cassava,Upper West,2.25,6.2,98.8,5.61,1099.9,9823.9,2023-07-14,2024-10-23
GH-01531,Plantain,Eastern,2.34,37.7,115.6,7.01,1539.6,9588.4,2023-03-22,2023-07-22
GH-01060,Cocoa,Volta,0.64,,97.5,5.62,1021.7,845.6,2023-04-18,2023-12-31
GH-00335,Plantain,ASH,0.95,36.1,213.5,5.76,1274.0,,2023-06-03,2023-09-09
GH-00493,Maize,Brong Ahafo,3.31,26.0,,4.62,1330.7,3289.3,2023-05-14,2023-09-10
GH-01036,Rice,Eastern,1.3,37.7,181.8,6.57,,2065.9,2022-03-16,2022-07-29
GH-01672,Yam,Brong Ahafo,1.87,20.3,170.0,4.66,1337.4,10303.5,2022-05-13,2023-02-01
GH-00798,Groundnut,Central,2.71,46.7,190.0,6.4,1222.6,2394.6,2022-10-09,2023-01-28
GH-00074,Rice,Upper West,3.42,46.5,119.8,4.69,1038.5,2655.3,2023-06-09,2023-10-23
GH-01131,Rice,Western,0.99,42.8,155.4,6.16,1993.3,2657.5,2022-02-02,2022-06-09
GH-01744,Cassava,Central,3.22,34.9,193.9,5.71,1486.6,18781.3,2022-01-18,2023-06-11
GH-01517,Groundnut,Greater Accra,2.14,6.6,54.5,4.57,1129.4,980.2,2023-11-19,2024-02-24
GH-00946,Groundnut,Western,3.19,,242.9,5.37,1561.2,891.4,2022-10-21,2022-06-30
GH-01304,Plantain,Upper East,1.21,47.1,152.0,6.73,1038.4,6600.8,2023-08-24,2023-12-13
GH-00387,Cassava,Western,2.0,22.4,138.2,5.87,1680.1,13324.1,2022-02-24,2023-01-19
GH-01420,Maize,Western,1.53,44.0,125.1,5.75,,3221.2,2023-09-01,2024-01-04
GH-01479,Plantain,Western,0.52,14.5,120.6,4.89,,13054.7,2022-02-06,2022-06-19
GH-01551,Yam,Upper East,3.18,6.2,126.4,7.16,1091.5,6721.0,2023-07-07,2024-03-27
GH-01224,Groundnut,Upper West,3.19,18.8,207.8,6.45,927.7,2232.2,2022-06-09,2022-10-19
GH-00298,Groundnut,Upper East,2.97,8.9,239.0,5.39,996.3,1627.9,2022-01-16,2022-05-03
GH-00825,Soybean,Greater Accra,,5.3,161.0,5.14,1156.0,1513.0,2022-06-15,2022-09-14
GH-01559,Groundnut,Volta,0.94,35.6,226.6,6.12,1086.1,1344.2,2022-10-10,2023-01-22
GH-00786,Maize,Greater Accra,1.15,15.6,244.5,7.46,972.7,,2022-07-08,2022-10-10
GH-01811,Rice,Northern,0.64,6.1,156.0,6.2,1086.5,2366.1,2023-12-19,2024-03-27
GH-01608,Maize,Greater Accra,2.07,16.8,151.6,5.78,1258.2,2210.8,2022-06-20,2022-03-12
GH-01598,Yam,Brong Ahafo,0.78,5.1,,4.76,1389.6,14500.7,2023-06-06,2024-03-22
GH-01409,Groundnut,Northern,2.7,8.8,151.2,7.3,1016.0,926.5,2022-11-30,2023-04-14
GH-01052,Maize,Brong Ahafo,2.04,16.7,170.9,7.46,,2997.8,2023-05-26,2023-10-01
GH-00474,Cocoa,Upper East,1.85,7.2,180.4,7.07,1010.4,615.0,2023-05-23,2024-03-15
GH-01120,Plantain,Upper West,1.33,26.1,86.1,4.55,1095.6,8170.1,2023-04-25,2023-08-23
GH-00900,Cassava,Western,2.0,28.3,200.9,6.25,2079.1,12852.0,2023-08-25,2024-07-24
GH-00503,Yam,Volta,2.73,22.7,118.9,6.06,1023.9,6625.1,2024-04-30,2023-07-30
GH-00984,Yam,Northern,2.18,31.5,233.6,7.36,1074.3,13659.0,2023-11-06,2023-04-02
GH-01489,Maize,Volta,1.25,27.4,162.0,5.75,1323.0,2250.6,2023-03-24,2023-07-27
GH-00530,Rice,Brong Ahafo,2.29,12.4,241.4,6.66,1292.5,2512.2,2022-12-05,2023-05-01
GH-01612,Plantain,Greater Accra,,19.2,166.9,6.69,1219.1,9041.9,2022-08-27,2023-01-13
GH-00647,Yam,Western,2.54,43.6,200.0,6.04,1706.0,10061.6,2022-11-13,2023-06-04
GH-00260,Cassava,Ashanti,3.02,33.5,177.0,7.48,1328.5,14787.6,2023-09-09,2025-01-29
GH-01857,Yam,Eastern,2.07,6.5,232.7,7.14,1533.8,,2022-02-06,2022-08-26
GH-00745,Cassava,Eastern,3.06,47.2,177.3,6.58,1675.4,12611.6,2022-10-12,2024-03-15
GH-01547,Soybean,Eastern,3.27,38.3,59.1,7.1,1637.3,1404.0,2022-06-25,2022-11-19
GH-01090,,Northern,3.01,48.9,,5.89,1017.8,3169.0,2023-09-23,2024-01-06
GH-00797,Yam,Brong Ahafo,2.04,25.3,197.3,4.78,1397.2,12644.5,2022-05-26,2023-01-02
GH-01350,Yam,Central,0.66,18.5,292.2,5.78,,6274.8,2022-06-17,2023-02-25
GH-01455,Maize,Upper East,1.79,21.3,78.2,7.15,1028.2,2296.1,2023-08-05,2023-11-08
GH-00987,Cocoa,Western,0.85,7.9,219.0,4.54,1713.3,1019.1,2022-02-27,2022-12-23
GH-00520,Rice,Brong Ahafo,0.65,35.8,127.8,6.19,1344.7,3700.7,2023-01-25,2023-05-29
GH-00678,Soybean,Central,2.76,48.8,57.4,4.73,1122.9,1753.5,2022-10-01,2023-01-24
GH-00811,Cassava,Volta,0.52,,173.9,5.39,1195.5,17212.5,2022-12-31,2023-12-25
GH-01271,Rice,Greater Accra,,17.1,157.5,5.51,1167.1,2042.8,2023-12-01,2024-03-14
GH-01882,Rice,Eastern,3.32,29.3,245.5,6.0,1278.7,2418.2,2023-07-31,2023-11-22
GH-00173,Cassava,Upper West,3.35,,116.1,6.11,967.4,9939.1,2023-06-25,2024-05-09
GH-00446,Cassava,Volta,,13.3,,5.79,1103.7,19710.2,2022-12-06,2023-12-13
GH-01822,Groundnut,Ashanti,2.24,38.1,91.5,4.97,1786.3,2207.1,2022-08-12,2022-12-13
GH-01755,Yam,Eastern,1.84,12.9,290.6,5.1,1704.2,15255.0,2023-07-20,2024-04-04
GH-01374,Rice,Northern,,41.6,108.5,5.51,1036.9,2081.0,2023-07-09,2023-10-24
GH-00673,Plantain,Upper West,1.17,34.3,161.4,5.45,1164.5,14864.3,2022-12-24,2023-04-25
GH-01180,Cassava,Volta,0.82,18.5,,6.04,1078.1,12057.3,2022-05-26,2023-10-13
GH-00696,Cocoa,Western,1.94,39.5,186.9,5.9,1785.1,1059.0,2022-02-03,2022-10-09
GH-00765,Yam,NR,1.79,7.7,117.4,4.84,1054.1,11744.2,2023-02-22,2023-09-20
GH-01700,Soybean,Northern,3.14,18.2,257.5,6.85,1105.3,,2023-10-30,2024-02-17
GH-00161,Groundnut,Greater Accra,2.12,6.4,,5.66,926.0,1938.7,2023-09-11,2024-01-21
GH-00846,Yam,Northern,2.4,47.2,162.7,6.64,1044.9,8484.9,2023-10-09,2024-05-03
GH-00468,Maize,Western,,37.6,208.4,6.71,1529.1,4424.0,2023-08-13,2023-12-22
GH-01080,Maize,Volta,3.27,47.9,283.6,4.92,1068.9,1885.6,2023-05-17,2023-10-10
GH-00312,Groundnut,Brong Ahafo,1.11,37.2,250.3,4.83,1378.8,1789.4,2023-07-16,2023-10-17
GH-01127,Cocoa,Volta,3.45,9.8,77.4,6.84,1024.0,719.2,2022-12-26,2023-08-03
GH-00629,Groundnut,Eastern,2.7,47.9,113.8,5.85,1385.6,1459.8,2022-09-22,2022-12-24
GH-00519,Soybean,Central,2.96,43.2,246.9,6.37,1086.2,,2023-08-20,2023-12-31
GH-01001,Plantain,Volta,3.41,41.8,143.6,4.69,1060.4,11060.1,2022-09-14,2023-01-20
GH-01016,Plantain,Greater Accra,2.86,38.2,272.1,5.71,1188.9,12461.9,2023-02-04,2023-07-03
GH-01002,Groundnut,Central,,38.7,107.8,4.67,1350.4,1410.9,2022-10-04,2023-02-27
GH-01725,Rice,Brong Ahafo,3.49,36.8,,6.9,1389.8,4428.7,2023-05-06,2023-08-25
GH-01733,,Brong Ahafo,0.54,,275.9,6.15,,1808.5,2022-04-01,2022-07-05
GH-00812,Cassava,Brong Ahafo,1.9,45.0,133.2,4.66,,18746.9,2023-11-02,2024-12-01
GH-00930,,Western,2.09,42.1,230.8,5.89,1702.0,1866.8,2023-06-11,2023-10-14
GH-01055,Maize,Eastern,1.63,35.9,55.0,6.03,1440.6,1932.5,2023-06-29,2023-10-02
GH-01226,Plantain,Eastern,0.97,7.8,185.2,7.09,1543.3,11384.6,2022-09-23,2022-12-28
GH-00577,Yam,Greater Accra,0.84,19.3,251.9,6.81,952.6,,2022-01-01,2022-10-20
GH-01097,Rice,Central,1.35,20.8,270.6,5.46,1432.4,4984.2,2023-01-20,2023-05-17
GH-00310,Plantain,Volta,2.67,30.7,139.1,7.12,1064.1,13994.3,2022-01-28,2022-05-22
GH-01982,Cocoa,Western,2.36,21.9,214.8,7.07,1843.1,531.4,2022-06-14,2023-01-14
GH-00069,,Ashanti,0.61,47.0,126.4,7.38,,1145.4,2023-10-12,2024-07-29
GH-01068,Groundnut,Volta,1.34,19.5,129.1,6.3,1086.3,,2023-03-28,2023-07-31
GH-00758,Cassava,Greater Accra,2.74,15.7,296.2,5.39,1103.7,9228.8,2023-12-09,2024-08-05
GH-01017,Rice,Ashanti,1.26,27.5,260.2,5.85,,4970.5,2022-08-05,2022-11-24
GH-01701,Yam,Eastern,,35.2,289.0,6.13,1498.1,12403.6,2023-10-11,2024-05-27
GH-00464,Maize,Ashanti,0.71,8.1,165.0,6.24,1331.1,2753.5,2022-09-03,2022-12-29
GH-01947,Maize,Greater Accra,2.24,20.1,264.8,5.01,1090.4,2918.8,2023-01-31,2023-06-11
GH-01737,Yam,Western,2.33,17.0,81.7,5.5,1554.8,11290.6,2022-04-21,2023-02-03
GH-01362,Plantain,Northern,3.28,33.1,299.9,6.9,1105.7,8354.9,2023-03-26,2023-08-03
GH-01997,Rice,Eastern,1.6,32.7,200.3,6.42,1294.9,4628.1,2022-01-07,2022-04-26
GH-00005,Cassava,Ashanti,2.67,46.5,187.7,5.99,1408.0,13613.0,2022-06-07,2023-09-13
GH-01705,,GA,2.07,36.6,169.9,6.92,939.6,13135.8,2022-03-22,2023-09-02
GH-00770,Maize,Greater Accra,1.18,35.1,88.5,6.91,832.0,3456.2,2022-06-09,2022-10-28
GH-00958,Maize,Upper West,1.41,48.6,182.7,7.3,1128.3,4190.5,2023-07-28,2023-11-08
GH-00267,Cocoa,Upper East,1.79,41.9,253.6,6.85,1034.6,1024.9,2023-07-28,2024-02-23
GH-01858,Maize,Upper East,0.7,27.5,279.5,5.48,1058.2,4081.3,2022-04-13,2022-09-08
GH-01579,Plantain,Upper East,0.7,44.9,277.4,7.08,936.7,7163.3,2023-01-06,2023-06-04
GH-00853,Yam,Upper East,2.01,44.5,258.4,4.95,978.6,15596.9,2023-09-07,2024-05-15
GH-00315,Cassava,Ashanti,3.15,17.7,67.4,5.09,,14890.7,2022-12-14,2023-09-23
GH-00461,Rice,Northern,2.29,38.7,163.8,7.32,1063.3,3154.9,2022-07-24,2022-12-11
GH-00944,Yam,Volta,3.43,17.0,,4.71,1135.6,6536.5,2023-08-12,2024-02-20
GH-01796,Rice,Upper East,2.07,37.7,292.4,6.93,924.0,,2023-01-11,2023-04-20
GH-01634,Groundnut,Volta,2.6,27.6,51.1,5.64,1142.2,1345.7,2022-06-06,2022-09-21
GH-01447,Soybean,Volta,2.8,25.3,272.0,5.4,1316.9,2499.8,2022-06-22,2022-09-22
GH-00794,Cocoa,Eastern,2.85,,230.5,4.71,1428.1,987.0,2022-01-17,2022-11-01
GH-01203,Cocoa,Upper East,2.87,7.8,96.6,4.91,1099.4,1182.1,2022-05-24,2023-03-17
GH-00309,Soybean,Central,1.59,10.0,241.3,6.09,1150.0,1510.2,2022-10-27,2023-03-21
GH-00756,Plantain,Upper West,3.11,44.0,53.4,5.19,1189.3,14340.6,2022-12-24,2023-04-29
GH-01956,Maize,Brong Ahafo,1.5,26.8,139.4,5.9,1257.6,4405.1,2022-04-24,2022-09-03
GH-01928,Cassava,Central,2.38,35.4,,4.88,1136.3,13629.2,2023-03-17,2023-12-09
GH-01337,Cassava,GA,3.16,23.3,294.4,7.19,1119.3,16357.3,2022-07-20,2023-11-11
GH-00783,Soybean,Western,2.82,36.7,220.9,4.67,2021.1,2692.8,2023-05-21,2023-10-01
GH-00353,Maize,Northern,3.42,6.8,293.3,6.17,1147.3,2067.8,2022-11-06,2023-03-27
GH-00112,Groundnut,Upper West,1.81,45.3,111.1,6.52,,,2022-06-29,2022-11-03
GH-00105,Rice,Eastern,0.89,26.3,56.2,5.55,1261.2,2326.1,2023-03-25,2023-07-03
GH-00146,Groundnut,Brong Ahafo,2.68,38.7,247.5,5.35,1113.3,,2023-08-08,2023-12-29
GH-00851,Groundnut,Upper East,1.88,14.9,240.2,6.19,983.5,2190.3,2022-05-05,2022-08-10
GH-00656,Yam,Eastern,2.59,39.1,258.3,6.65,1741.5,17893.0,2023-01-10,2023-11-03
GH-01293,Cocoa,Northern,1.36,45.7,170.5,6.16,1096.7,414.2,2023-10-12,2024-06-10
GH-00630,Groundnut,Volta,3.14,44.0,264.6,6.0,1118.7,1271.9,2023-08-04,2023-11-19
GH-01083,Yam,Northern,,39.9,116.7,5.93,1054.6,16623.6,2023-03-04,2023-09-22
GH-00777,Maize,Upper East,0.69,15.8,155.6,4.74,986.8,3167.6,2023-08-12,2023-11-12
GH-01119,Yam,Greater Accra,2.88,28.4,63.8,5.94,919.0,8737.1,2022-10-11,2023-05-03
GH-01334,Soybean,Greater Accra,1.41,,,5.43,1038.6,,2023-08-05,2023-11-27
GH-00054,Cocoa,Greater Accra,0.83,18.8,157.7,6.45,978.4,866.4,2022-09-26,2023-05-29
GH-01610,Cassava,Brong Ahafo,1.39,46.7,158.8,6.67,1358.5,11078.9,2022-07-28,2023-09-13
GH-01020,Yam,Upper East,1.51,47.2,209.6,6.62,1085.8,15918.7,2022-08-28,2023-03-10
GH-00660,,Western,3.44,24.2,113.5,6.77,1842.1,4508.0,2022-11-03,2023-02-12
GH-01480,Soybean,Northern,0.5,36.0,188.8,6.07,1108.6,1594.4,2023-12-24,2024-04-12
GH-01129,Plantain,Eastern,1.86,25.4,282.1,4.99,1737.0,10106.7,2023-04-30,2023-09-22
GH-00905,Cassava,Eastern,3.15,25.0,176.6,4.79,1748.8,10941.8,2023-08-13,2024-06-19
GH-01588,Maize,Eastern,2.58,22.5,135.1,7.17,1468.7,2874.1,2023-12-29,2024-04-08
GH-01462,Yam,Ashanti,,20.2,210.7,6.96,1419.7,13880.8,2023-12-15,2024-09-02
GH-01031,Groundnut,Upper West,2.37,33.4,86.4,5.78,983.1,1835.8,2022-05-12,2022-08-11
GH-01150,Maize,Western,3.09,5.3,161.2,5.55,1597.4,2592.5,2023-08-10,2023-12-02
GH-00338,Cassava,Eastern,2.76,42.3,63.4,5.12,1460.4,8886.4,2024-11-30,2023-08-10
GH-00483,Yam,Upper East,2.34,26.4,192.8,7.3,943.4,9041.4,2023-12-08,2024-09-07
GH-01767,Plantain,Central,1.35,29.4,52.6,6.83,1163.2,10238.4,2023-07-03,2023-11-04
GH-01516,Plantain,Western,1.59,19.5,246.6,5.35,2059.4,,2023-02-13,2023-06-22
GH-00890,Maize,Northern,0.78,7.4,269.4,4.75,1101.3,2145.8,2022-01-31,2022-06-05
GH-01403,Maize,Central,2.16,19.6,226.3,5.25,1035.3,,2022-06-11,2022-09-25
GH-01244,Groundnut,Upper East,1.76,46.0,152.8,7.49,919.5,847.8,2023-04-10,2023-08-04
GH-00181,Yam,Central,2.18,49.6,,4.83,,14791.4,2022-06-29,2023-03-17
GH-00314,Groundnut,Upper East,1.81,25.0,275.8,5.78,936.0,1353.9,2022-11-20,2023-04-13
GH-01232,Soybean,Brong Ahafo,3.24,10.8,159.2,5.69,,1337.2,2022-12-11,2023-04-22
GH-00901,Yam,Central,3.43,37.5,175.9,5.13,1244.9,15416.8,2023-06-20,2024-01-10
GH-01003,Maize,Upper West,2.72,36.5,233.7,5.06,977.3,1672.3,2023-03-14,2023-07-08
GH-01534,,Volta,2.77,35.0,180.0,5.8,1318.3,15072.2,2023-09-05,2024-04-02
GH-01690,Cocoa,Upper West,1.59,11.4,81.9,6.64,1079.4,830.3,2022-10-31,2023-08-02
GH-00162,Maize,Central,0.68,29.1,278.8,6.72,1249.3,3502.1,2023-09-29,2024-01-17
GH-00129,Cocoa,Eastern,0.96,9.7,193.8,7.0,1675.6,805.9,2022-11-23,2023-09-11
GH-00602,Soybean,Central,1.46,23.0,166.4,4.96,1391.8,,2023-06-29,2023-11-08
GH-00050,Plantain,Western,2.0,8.7,,5.42,1912.5,11840.7,2023-08-20,2024-01-01
GH-01159,Cocoa,Western,1.82,41.8,191.3,7.46,2061.5,516.7,2023-11-09,2024-07-04
GH-01245,Groundnut,Eastern,2.31,11.9,109.1,6.86,1558.0,,2023-01-10,2023-05-01
GH-01981,Yam,Ashanti,3.3,7.7,132.2,6.46,1324.0,8017.2,2022-11-24,2023-08-25
GH-00172,Yam,Northern,1.56,17.0,,5.28,1142.2,9711.5,2022-07-10,2023-03-15
GH-01473,Maize,Greater Accra,3.39,49.0,,7.2,1095.7,2233.1,2022-12-14,2023-04-03
GH-00975,Cocoa,Western,0.63,6.0,287.8,7.12,1812.3,974.7,2022-03-20,2022-10-29
GH-01799,Groundnut,Ashanti,2.27,24.9,66.1,7.04,1536.4,981.2,2023-12-24,2024-05-02
GH-01375,Cassava,Volta,0.52,,71.1,6.2,1271.7,18789.5,2022-01-17,2022-11-29
GH-00739,Yam,Upper East,1.67,37.1,298.2,5.61,1000.6,16722.4,2023-02-24,2023-11-07
GH-01580,Cassava,Northern,3.17,5.5,295.6,6.13,1063.7,9689.6,2023-11-14,2024-10-05
GH-01306,Groundnut,Greater Accra,2.8,45.4,245.4,5.92,1042.8,1685.7,2022-02-06,2022-10-29
GH-00505,Groundnut,Volta,3.17,43.7,130.4,6.07,1028.8,1528.7,2023-08-16,2024-01-03
GH-01434,Cocoa,Greater Accra,0.75,32.7,64.9,5.31,911.2,791.6,2023-05-28,2024-03-20
GH-00191,Groundnut,Western,0.83,49.0,,4.85,1639.4,1981.6,2023-03-26,2023-07-21
GH-00048,Groundnut,Western,3.5,49.4,72.6,6.16,1817.1,888.5,2022-03-08,2022-11-17
GH-00223,Plantain,Eastern,2.85,49.1,199.4,5.88,1611.0,7003.2,2022-03-21,2022-08-12
GH-01909,Rice,Northern,3.22,34.6,222.7,6.8,,4068.6,2022-09-23,2023-01-24
GH-00545,Maize,Brong Ahafo,1.78,20.6,214.1,6.1,1136.5,2917.6,2022-08-09,2022-11-23
GH-01419,,Upper West,3.43,38.1,150.4,6.37,979.0,7248.2,2023-10-24,2023-02-24
GH-01483,Plantain,Upper East,0.56,8.7,282.8,5.28,1034.2,11302.6,2022-08-16,2022-11-23
GH-00849,,Brong Ahafo,1.98,8.1,243.0,4.54,1266.3,2089.7,2023-02-27,2023-07-05
GH-01821,Groundnut,Northern,2.46,39.9,129.5,5.65,1128.0,940.8,2023-09-10,2024-01-22
GH-00755,Rice,Greater Accra,3.08,14.6,211.4,6.18,878.9,3341.2,2022-01-10,2022-05-29
GH-01682,Rice,Ashanti,1.39,32.3,85.3,6.31,1713.5,4227.9,2022-01-24,2022-06-06
GH-00478,Soybean,Central,1.25,35.3,105.4,6.48,1221.9,1181.0,2022-05-22,2022-08-28
GH-01314,Yam,Western,3.15,,251.4,5.61,1748.9,14518.8,2023-12-15,2024-08-05
GH-00976,Rice,Brong Ahafo,0.88,9.1,205.6,4.97,1317.3,3836.8,2022-05-19,2022-10-10
GH-01395,Yam,Northern,1.34,47.9,221.7,6.25,1102.7,6370.8,2023-11-03,2024-08-14
GH-01223,Maize,Volta,0.73,16.0,67.6,5.32,1228.2,4352.5,2022-06-04,2022-09-05
GH-00306,Yam,Central,2.1,16.0,264.7,5.52,1269.1,16328.3,2022-04-14,2022-12-26
GH-01575,Soybean,Central,2.99,25.7,212.7,4.56,1037.6,2467.8,2023-10-26,2024-03-12
GH-00239,Cassava,Eastern,3.47,23.1,140.8,6.5,1648.3,14679.5,2022-04-20,2023-02-10
GH-01161,Soybean,Northern,3.32,27.0,290.3,4.74,1049.9,1137.5,2022-09-03,2023-01-24
GH-01812,Maize,Upper West,3.28,23.6,66.6,4.63,1105.6,1736.2,2022-02-09,2022-05-24
GH-00114,Plantain,Upper East,1.53,35.3,134.8,6.41,1031.9,9067.2,2022-10-22,2023-02-04
GH-01553,Groundnut,Upper East,1.36,49.7,141.5,7.04,1047.3,1591.2,2022-02-04,2022-06-12
GH-00303,Cassava,Volta,3.29,15.4,182.3,6.08,1382.3,12000.8,2023-01-30,2023-11-16
GH-01785,Cassava,Upper West,0.58,12.8,131.0,7.07,1124.4,,2023-09-30,2025-03-21
GH-00166,Maize,Greater Accra,1.99,30.3,200.5,6.92,1258.9,2395.9,2023-11-05,2024-02-14
GH-01093,Soybean,Western,1.45,38.9,229.7,4.53,1768.1,,2022-02-26,2022-06-20
GH-01155,Soybean,Upper East,2.77,44.9,161.4,6.44,907.3,2039.1,2022-07-05,2022-10-24
GH-00479,Maize,Ashanti,0.51,20.2,251.4,7.01,1846.3,2315.5,2023-11-29,2023-08-13
GH-00707,Cocoa,Volta,0.63,32.4,143.4,5.52,1289.8,1106.0,2023-02-06,2023-10-16
GH-00157,Groundnut,Upper East,2.93,41.7,196.8,6.83,1044.9,2163.3,2022-10-27,2023-03-24
GH-00377,Cocoa,Western,1.66,29.1,210.7,5.68,1595.3,503.3,2023-11-11,2024-07-12
GH-00376,Cocoa,Greater Accra,2.02,48.3,194.3,6.32,,1094.5,2023-11-06,2024-07-17
GH-01376,Yam,Northern,0.69,29.4,114.8,6.99,1131.0,10057.3,2022-07-02,2023-02-16
GH-01175,Maize,NR,,12.3,167.5,6.97,1119.8,3093.4,2022-01-06,2022-04-26
GH-00089,Cocoa,Volta,3.01,49.0,182.4,6.56,1041.6,699.0,2023-05-07,2024-02-02
GH-01698,Groundnut,Upper East,0.95,49.7,180.2,5.56,942.0,,2022-12-01,2023-03-07
GH-01386,Cocoa,Western,1.17,49.2,238.4,6.5,1562.0,482.9,2023-07-12,2024-03-14
GH-01441,Maize,Volta,1.01,39.3,,5.43,1314.5,4090.0,2023-04-09,2023-08-22
GH-00925,Maize,Volta,1.92,27.5,230.3,5.97,1283.5,4338.6,2022-10-03,2022-06-08
GH-01168,Plantain,Central,2.55,47.9,266.7,6.7,1319.7,,2022-04-04,2022-07-19
GH-01366,Plantain,Eastern,3.07,11.3,115.3,6.81,1318.6,,2022-07-02,2022-11-08
GH-00782,Cassava,Northern,2.86,,112.7,7.27,1106.2,17757.4,2022-03-16,2023-07-25
GH-01404,Plantain,Volta,1.15,41.9,233.9,6.56,1216.4,14104.7,2022-12-10,2023-03-16
GH-01496,Yam,Brong Ahafo,1.05,17.9,107.6,5.54,1331.8,12620.5,2023-07-13,2024-04-16
GH-00018,Soybean,Western,0.75,41.6,218.2,7.21,1856.5,2271.0,2023-06-03,2023-09-04
GH-00409,Cocoa,Volta,3.05,43.3,146.8,6.18,1217.9,589.3,2023-05-19,2024-02-09
GH-00394,Soybean,Volta,0.86,43.5,263.7,5.88,1320.5,2401.2,2023-12-24,2024-05-21
GH-00725,,Western,0.65,,108.1,6.35,2016.4,2341.4,2023-10-29,2024-03-02
GH-01664,Cassava,Volta,,44.7,102.5,5.31,1396.1,9146.4,2022-10-07,2023-09-09
GH-01335,Cocoa,Central,1.09,27.9,232.0,6.2,1371.7,920.3,2022-02-16,2022-10-28
GH-01040,Cassava,Volta,1.21,47.7,280.5,6.9,1342.6,14927.7,2022-02-05,2023-05-21
GH-00885,Soybean,Brong Ahafo,2.25,43.8,63.6,6.51,1225.3,1061.8,2022-08-29,2022-12-22
GH-01104,Maize,Ashanti,2.29,,227.8,5.12,1663.7,3767.6,2022-08-26,2023-01-19
GH-01550,Soybean,Brong Ahafo,,9.3,78.6,7.18,1146.9,2062.7,2022-03-08,2022-07-14
GH-01778,Cassava,Upper West,3.06,35.5,184.5,4.89,949.6,17842.6,2023-06-09,2024-06-20
GH-00091,Soybean,Ashanti,3.35,49.8,124.3,6.45,1419.6,2112.1,2022-06-21,2022-10-22
GH-01765,,Brong Ahafo,2.97,43.2,260.8,6.3,1229.5,15925.5,2023-11-11,2024-07-18
GH-00354,Soybean,Greater Accra,1.85,38.5,247.6,5.33,958.0,2086.0,2023-07-27,2023-11-30
GH-01285,Groundnut,Brong Ahafo,3.41,7.5,236.7,6.97,1310.0,1037.0,2022-11-05,2023-03-07
GH-01275,Groundnut,Central,1.36,20.8,244.1,5.12,1227.2,1767.6,2023-04-02,2023-08-05
GH-01855,Soybean,Ashanti,2.69,7.2,274.1,6.3,1843.3,1906.1,2023-06-29,2023-10-01
GH-00232,,Greater Accra,1.26,13.7,81.1,6.1,878.4,1034.5,2022-08-07,2023-05-22
GH-00596,Cocoa,Ashanti,2.93,33.2,239.4,6.16,1513.7,692.3,2022-03-08,2022-09-11
GH-01066,Cassava,Upper East,0.87,19.8,260.5,7.11,1078.4,10163.0,2023-11-06,2024-10-17
GH-00564,Groundnut,Upper East,2.86,36.3,234.3,6.17,914.4,1995.7,2022-11-25,2023-03-17
GH-01364,,Ashanti,1.76,10.2,240.8,7.43,1284.1,10065.0,2022-07-05,2022-11-03
GH-00022,Yam,Volta,2.19,29.6,155.7,6.03,1364.5,12917.3,2022-04-08,2023-01-13
GH-00024,Soybean,Upper West,2.22,44.2,126.4,4.81,1049.3,2297.8,2022-03-01,2022-07-21
GH-01098,Plantain,Upper West,1.76,42.5,,6.8,1165.5,10712.1,2023-04-01,2023-07-10
GH-01437,Plantain,Northern,0.59,36.4,248.5,6.35,1143.7,6907.7,2023-05-29,2023-09-06
GH-00670,Groundnut,Upper East,2.52,23.1,69.9,6.86,941.6,1964.2,2023-05-29,2023-10-19
GH-01605,Cocoa,Western,1.2,5.1,,6.29,1801.5,517.5,2023-03-23,2023-12-04
GH-00339,Cocoa,Upper West,0.56,13.6,161.4,4.94,1190.8,628.7,2022-12-17,2023-09-09
GH-00130,Cocoa,Upper West,3.2,29.9,246.6,6.37,949.7,987.5,2023-12-17,2024-07-15
GH-01134,Groundnut,Northern,1.32,15.7,251.6,5.87,1019.5,969.4,2022-06-06,2022-09-22
GH-01865,Cocoa,Eastern,2.36,36.1,221.4,5.88,1713.3,691.1,2023-07-19,2024-05-02
GH-01427,Groundnut,Eastern,2.87,48.3,197.3,6.27,1653.3,1806.5,2023-01-21,2023-05-29
GH-01254,Rice,Upper West,1.17,44.7,79.6,4.63,1180.6,4765.7,2023-03-14,2023-07-06
GH-00160,Cocoa,Central,2.67,35.2,93.9,5.14,1015.3,936.8,2023-07-28,2024-02-17
GH-01527,,Upper East,3.48,22.3,296.2,6.43,930.9,1676.3,2022-12-14,2022-08-22
GH-01601,Soybean,Western,2.8,46.4,195.6,7.46,2008.3,2109.5,2023-01-06,2023-04-28
GH-00744,Yam,Western,2.82,33.1,85.7,5.53,2050.1,8972.5,2023-08-21,2024-03-25
GH-01781,Plantain,Northern,1.31,31.2,119.3,4.66,1129.7,,2023-02-12,2023-07-03
GH-01380,Rice,Central,0.9,13.2,138.0,5.91,1200.7,3184.6,2023-04-27,2023-09-13
GH-00282,,Volta,1.11,28.7,171.4,7.24,1162.0,899.7,2022-09-29,2023-07-01
GH-01037,Soybean,Central,2.16,44.1,271.6,5.38,1072.5,2684.9,2023-02-16,2023-06-27
GH-00268,Soybean,Volta,2.66,30.3,108.5,6.97,1173.0,1251.5,2023-10-12,2024-04-16
GH-01568,Cocoa,Upper East,2.5,45.0,284.4,6.06,1060.6,1117.9,2023-09-24,2024-04-02
GH-00643,Soybean,Ashanti,3.46,27.9,238.4,4.88,1753.2,2321.5,2022-11-07,2023-03-05
GH-00712,Rice,Upper East,2.62,27.9,170.0,7.14,1097.5,3392.8,2022-02-25,2022-07-06
GH-01841,Rice,Volta,2.44,22.0,133.5,5.67,1150.2,3298.3,2023-05-04,2023-08-26
GH-01941,Groundnut,Greater Accra,0.7,27.5,121.3,4.51,1047.8,1190.0,2023-03-30,2023-07-20
GH-01361,Plantain,Central,0.61,45.5,270.0,6.67,1044.0,12415.4,2023-12-04,2024-04-22
GH-01564,Rice,Northern,3.2,27.2,193.0,5.87,1087.6,4100.5,2022-02-24,2022-06-09
GH-00819,,Upper West,1.72,42.0,222.0,7.19,926.4,457.2,2022-07-24,2023-01-31
GH-00346,Groundnut,Upper West,3.35,40.8,184.4,4.84,997.1,2155.0,2023-11-27,2024-03-17
GH-01836,Rice,Northern,0.84,16.3,61.6,7.5,1009.5,3365.3,2022-11-26,2023-04-04
GH-01511,Groundnut,Upper East,1.69,15.5,157.0,6.12,1069.9,1291.9,2023-05-31,2023-10-13
GH-00428,Cocoa,Northern Region,,36.3,225.1,4.8,1105.9,905.1,2023-01-31,2023-10-29
GH-00981,,Ashanti,2.07,16.5,283.1,4.97,1961.0,,2022-02-19,2022-11-28
GH-01565,Cassava,ASH,2.16,46.5,170.0,6.93,1552.3,16085.2,2022-10-04,2023-09-05
GH-01555,Cocoa,Western,3.17,35.3,218.1,5.03,1754.0,407.8,2022-03-17,2022-12-24
GH-00337,Yam,Ashanti,1.74,33.1,89.7,4.82,1688.5,12640.0,2023-02-18,2023-08-22
GH-00087,Plantain,Upper East,1.23,43.9,54.4,7.15,928.6,13877.1,2023-04-13,2023-07-17
GH-00633,Yam,Brong Ahafo,2.25,5.7,135.8,5.27,1290.9,9734.5,2022-07-15,2023-05-04
GH-01769,Groundnut,Ashanti,2.13,,226.0,5.49,1623.0,1094.3,2023-09-15,2024-02-01
GH-00708,Soybean,Northern,1.84,30.6,217.5,4.69,1096.8,1422.3,2022-06-25,2022-10-02
GH-00319,Groundnut,Greater Accra,2.7,18.6,144.9,6.99,1087.6,1214.7,2023-07-15,2023-10-21
GH-00741,Groundnut,Ashanti,1.27,16.6,280.5,5.02,1368.2,2126.7,2024-02-01,2023-10-13
GH-00330,Soybean,Central,3.5,27.5,214.0,4.52,1053.4,1720.7,2022-06-26,2022-10-01
GH-00928,Cocoa,Upper West,0.72,41.3,282.8,5.35,1113.8,,2023-01-14,2023-10-17
GH-00636,Rice,Eastern,1.43,8.5,241.2,6.77,1578.8,2437.0,2022-08-13,2023-01-01
GH-01461,Yam,Greater Accra,1.26,41.2,95.8,5.06,984.1,11583.3,2023-03-31,2023-11-14
GH-01039,Maize,Greater Accra,1.38,23.1,270.7,5.33,800.8,,2023-09-17,2024-01-25
GH-01881,Plantain,Northern,2.27,33.0,180.6,5.48,1064.6,13052.8,2023-11-04,2023-08-10
GH-00058,Maize,Upper West,3.08,9.0,157.2,4.84,1049.0,4325.6,2023-09-11,2024-01-18
GH-01658,Cassava,Central,1.0,10.2,111.8,7.27,1003.9,19463.4,2023-08-15,2024-08-19
GH-01542,Groundnut,Upper East,3.21,10.0,222.7,6.54,1060.9,1238.6,2023-02-19,2023-06-12
GH-00494,Plantain,Brong Ahafo,2.13,40.6,298.6,5.64,1306.6,7743.8,2022-11-07,2023-03-29
GH-01870,Rice,Greater Accra,3.48,43.3,75.3,7.33,1075.5,,2022-09-13,2023-01-21
GH-01289,Cocoa,Upper West,0.65,24.9,173.5,6.64,1154.9,969.2,2023-02-07,2023-08-27
GH-01481,Cassava,Eastern,1.63,44.5,,6.4,1581.0,11842.5,2022-09-27,2023-06-21
GH-01051,Rice,Upper East,2.78,24.8,80.0,7.0,1005.3,3012.7,2023-05-13,2023-09-27
GH-00034,Rice,Eastern,3.29,16.0,159.5,5.9,1539.6,,2022-06-12,2022-10-12
GH-00030,Cocoa,Central,2.53,19.8,121.5,6.9,1151.7,432.0,2022-11-24,2023-06-13
GH-00737,Cocoa,Eastern,2.49,44.1,64.1,6.09,1711.8,430.9,2022-06-05,2023-03-26
GH-00033,Cocoa,Brong Ahafo,2.19,15.4,235.8,5.79,1246.6,463.1,2023-09-29,2024-06-28
GH-01075,Maize,Greater Accra,1.51,47.8,93.7,6.05,,4493.5,2022-05-27,2022-09-29
GH-00942,Yam,Northern,1.56,28.6,256.7,6.31,1082.0,10576.4,2022-11-05,2023-07-28
GH-01972,Yam,Upper East,3.21,34.5,128.6,5.68,1080.1,9156.5,2023-01-19,2022-04-08
GH-00746,Rice,Ashanti,2.12,35.6,257.4,7.15,1632.5,2166.0,2023-07-26,2023-11-24
GH-00910,Plantain,Brong Ahafo,2.31,10.6,220.4,5.04,1132.8,11668.4,2023-04-12,2023-07-28
GH-00659,Cocoa,Greater Accra,1.82,49.9,148.7,6.92,1222.3,1117.2,2023-06-17,2024-01-12
GH-00638,Groundnut,Central,,31.3,271.9,4.67,1279.2,1152.7,2022-04-12,2022-07-11
GH-00183,Plantain,Central,1.94,11.2,197.0,6.81,1221.3,7063.4,2022-01-23,2022-06-21
GH-01252,Plantain,Western,3.28,12.8,58.3,6.37,2081.9,6354.6,2023-07-10,2023-10-08
GH-01117,Groundnut,Eastern,1.54,35.8,,5.77,1530.5,1328.8,2023-08-10,2023-11-18
GH-01853,Plantain,Western,2.93,18.0,110.5,4.64,1751.8,6681.9,2022-11-15,2023-03-25
GH-01373,Soybean,Brong Ahafo,1.59,14.7,284.0,5.41,1233.1,2233.3,2022-03-06,2022-07-21
GH-00401,Soybean,Greater Accra,2.53,,163.9,6.87,1151.4,1061.0,2022-04-07,2022-08-18
GH-01202,Rice,Volta,3.12,20.5,220.2,5.48,1269.3,4236.8,2023-12-22,2024-04-04
GH-01065,Plantain,Ashanti,2.82,20.4,231.5,5.7,1653.9,7201.0,2022-02-07,2022-05-13
GH-00107,Plantain,Central,2.23,44.1,106.8,6.85,1131.8,5457.0,2023-05-05,2023-09-26
GH-00355,Soybean,Upper East,0.98,25.1,110.7,5.7,952.1,1056.4,2022-01-16,2022-06-07
GH-00966,Maize,Upper East,2.65,25.9,207.7,6.25,924.6,3713.7,2023-11-14,2024-03-23
GH-00045,Cocoa,Volta,1.31,18.0,106.7,5.64,1167.8,1181.6,2023-05-16,2023-12-06
GH-00321,Soybean,Central,1.75,14.1,,7.42,1030.1,1676.6,2022-03-03,2022-06-02
GH-01294,Maize,Northern,0.77,5.0,192.8,5.15,1090.0,,2023-01-04,2023-04-29
GH-01110,Cassava,Upper East,2.02,44.5,135.1,7.4,976.4,11192.6,2022-04-27,2023-04-25
GH-01700,Soybean,Northern,3.14,18.2,257.5,6.85,1105.3,,2023-10-30,2024-02-17
GH-01466,Plantain,Eastern,2.84,47.1,158.4,4.86,1354.2,13913.4,2023-11-29,2024-04-10
GH-00698,Rice,Volta,2.73,7.1,210.7,5.83,1341.3,2187.3,2023-10-20,2024-03-13
GH-00404,Maize,Ashanti,2.95,19.7,109.1,4.64,1691.1,3216.2,2022-06-02,2022-10-17
GH-01908,Maize,Central,1.75,6.6,216.3,4.69,1352.7,2346.2,2023-02-13,2023-06-27
GH-01142,Maize,Greater Accra,2.44,,231.7,6.37,1190.0,,2022-04-06,2022-08-27
GH-01349,Soybean,Central,2.91,36.6,276.1,4.77,1185.0,2337.1,2022-02-15,2022-06-27
GH-01815,Cocoa,Upper West,2.52,,136.0,6.19,1069.6,981.0,2023-05-31,2023-11-30
GH-00016,Yam,Upper West,1.52,45.6,201.4,5.77,976.9,7205.9,2023-12-11,2024-08-13
GH-00716,Soybean,Western,1.55,47.5,242.7,6.64,1678.4,2345.4,2023-07-27,2023-10-30
GH-00872,Soybean,Eastern,1.86,38.6,258.3,5.35,1572.5,1093.6,2022-03-09,2022-07-30
GH-00391,Cassava,Brong Ahafo,1.79,47.2,60.1,7.01,1139.2,18797.3,2022-10-09,2023-07-10
GH-01114,Groundnut,Brong Ahafo,1.87,32.6,73.0,4.92,1159.0,2392.8,2023-10-12,2024-02-19
GH-01563,,Volta,2.97,35.0,219.5,4.89,,932.6,2022-02-23,2022-09-05
GH-01274,Cassava,Eastern,1.15,13.0,199.9,6.81,1608.2,11869.3,2022-05-11,2023-02-08
GH-01154,,Eastern,1.57,10.9,82.2,7.02,1607.6,2977.2,2022-06-10,2022-10-30
GH-00141,Soybean,Central,2.45,15.9,94.5,5.84,1391.6,2321.5,2022-11-24,2023-03-27
GH-01645,Maize,Ashanti,2.38,14.7,132.0,5.32,1952.0,2126.7,2023-10-18,2024-03-10
GH-01094,Groundnut,Western,2.75,16.4,192.4,5.32,1940.4,2267.3,2022-12-01,2023-03-17
GH-01470,Maize,Central,0.68,32.2,52.5,5.23,1337.1,2399.7,2022-05-28,2022-10-13
GH-01515,Cocoa,Greater Accra,0.57,38.1,81.4,6.17,1161.2,788.8,2023-07-22,2024-04-20
GH-00714,Cocoa,Brong Ahafo,1.61,40.3,,5.31,1340.7,512.8,2023-09-22,2024-06-13
GH-01655,Rice,Central,2.95,,250.8,5.47,1325.3,4671.7,2022-06-13,2022-09-13
GH-01298,Maize,Upper East,1.69,8.7,226.9,6.74,1059.1,4186.2,2023-07-15,2023-10-17
GH-00318,Maize,Central,1.43,37.8,212.1,4.56,1127.0,3794.0,2023-06-12,2023-09-20
GH-00518,Plantain,Western,2.46,28.3,89.6,4.63,1754.1,9792.8,2023-05-27,2023-10-10
GH-01536,Rice,Central,3.27,44.6,190.3,4.82,1158.9,2856.9,2022-06-02,2022-09-24
GH-00015,Soybean,Upper East,1.9,40.5,71.7,5.49,,1313.5,2022-10-06,2023-02-21
GH-01151,Yam,Volta,1.25,26.0,61.6,6.51,1357.0,11393.8,2022-06-23,2023-02-21
GH-00363,Maize,Brong Ahafo,0.59,34.8,143.8,5.52,1349.3,3101.2,2023-04-14,2023-07-21
GH-00892,Groundnut,Northern,2.61,30.6,289.5,5.8,1086.0,1209.8,2022-09-23,2023-01-02
GH-01873,Cassava,Western,2.22,47.6,291.0,4.66,1954.0,8428.9,2023-11-07,2025-04-26
GH-00055,Groundnut,Upper East,2.4,43.7,99.5,6.8,972.5,918.2,2023-07-05,2023-11-03
GH-00889,Cocoa,Western,2.72,43.3,112.4,4.82,2033.5,489.0,2022-05-22,2022-12-01
GH-01748,Maize,Volta,1.1,41.3,53.1,6.99,1345.9,3629.5,2023-02-22,2023-06-07
GH-00450,,Central,2.25,16.2,222.1,5.97,1155.6,6748.4,2022-04-24,2022-09-17
GH-01023,Rice,Brong Ahafo,1.51,35.2,290.4,7.26,1309.9,,2023-01-21,2023-06-05
GH-00859,Rice,Eastern,3.28,,73.5,4.72,1574.1,2196.8,2023-01-17,2023-04-23
GH-01471,Yam,Central,1.36,28.7,109.5,7.13,1200.7,8181.9,2023-12-16,2024-08-05
GH-01665,Cassava,Central,1.86,26.3,174.4,5.41,1316.4,,2022-06-12,2024-03-05
GH-00099,Plantain,Western,0.62,25.8,170.6,4.52,2027.1,6184.0,2022-03-24,2022-07-30
GH-00926,Cassava,Upper West,0.67,,214.4,7.4,1052.2,19969.0,2022-02-22,2023-04-04
GH-00525,Rice,Eastern,0.73,9.3,243.2,5.69,1728.3,2440.4,2022-03-19,2022-06-18
GH-01948,Rice,Brong Ahafo,,28.4,198.7,5.43,1188.9,4539.7,2023-05-22,2023-09-17
GH-00565,Cocoa,Ashanti,2.3,47.5,67.5,4.82,,639.3,2023-02-20,2023-12-14
GH-00413,Plantain,Brong Ahafo,0.99,17.3,219.0,4.86,1398.1,14947.0,2023-09-03,2023-12-07
GH-00138,Maize,Northern,3.47,,,7.43,1119.8,4391.3,2022-11-02,2023-03-28
GH-00705,Yam,Ashanti,1.19,30.3,207.6,6.87,1337.3,,2023-04-13,2023-12-16
GH-01818,Groundnut,Volta,1.49,10.7,240.3,5.39,1160.3,1553.6,2022-04-24,2022-09-15
GH-00855,Groundnut,Ashanti,3.0,37.2,273.2,7.16,1450.5,806.1,2023-03-23,2023-07-09
GH-00032,Maize,Western,,35.1,136.4,5.28,1533.3,3297.9,2023-12-03,2024-04-22
GH-00733,Maize,Eastern,0.54,21.1,74.5,7.21,1284.2,3996.8,2023-06-20,2023-01-22
GH-00132,Yam,Upper West,3.31,17.7,187.4,5.14,1057.3,8655.4,2023-08-07,2024-04-14
GH-01881,Plantain,Northern,2.27,33.0,180.6,5.48,1064.6,13052.8,2023-04-11,2023-08-10
GH-00523,Plantain,Eastern,1.57,,225.3,6.15,1724.9,11848.5,2023-08-18,2023-11-20
GH-00451,Plantain,Western,1.11,23.4,246.3,6.05,1794.2,13344.2,2023-02-22,2023-06-24
GH-00447,Cassava,Greater Accra,3.44,19.8,54.5,5.77,848.7,12404.7,2022-12-01,2023-10-10
GH-00046,Cocoa,Central,,40.2,200.5,5.75,1242.5,618.3,2022-06-26,2023-02-21
GH-00536,Plantain,Volta,1.98,38.8,188.5,6.57,1297.0,10739.1,2023-08-02,2023-11-05
GH-00140,Maize,Greater Accra,2.09,18.8,227.2,5.94,1021.4,3210.4,2022-08-12,2022-12-14
GH-00128,Maize,Northern,1.12,43.8,58.8,7.33,1040.2,1594.7,2022-03-03,2022-06-28
GH-01716,Soybean,Volta,,26.8,210.0,7.24,1351.9,2014.8,2023-05-29,2023-09-10
GH-01703,Groundnut,Volta,1.61,21.7,,5.25,1381.7,2115.8,2022-02-12,2023-03-13
GH-00894,Yam,Upper East,1.19,25.6,283.3,6.41,1044.6,17334.7,2023-01-16,2023-08-06
GH-01915,Soybean,Central,2.22,14.3,271.0,6.92,1187.0,2517.3,2023-08-31,2023-12-27
GH-01859,Groundnut,Upper West,1.04,32.0,278.0,5.37,1067.9,1704.4,2023-12-24,2024-05-08
GH-01653,Rice,Northern,2.24,9.1,147.7,7.02,1001.4,3539.6,2023-02-24,2023-07-22
GH-01996,Maize,Accra,2.68,36.3,234.2,6.28,977.6,4293.9,2023-12-04,2024-04-07
GH-01840,Maize,Central,2.38,35.0,98.0,6.7,1184.0,2012.7,2022-05-16,2022-09-12
GH-01501,Cassava,Brong Ahafo,,25.8,152.3,5.3,1202.0,16423.4,2022-07-30,2023-08-10
GH-00970,Cassava,Upper West,1.54,49.9,135.5,4.53,,19446.7,2022-12-24,2024-05-12
GH-01556,Yam,Ashanti,0.54,12.8,99.2,5.93,1942.5,8970.7,2023-04-17,2024-02-02
GH-01794,Groundnut,Eastern,2.97,24.2,289.1,5.24,1520.5,2118.4,2022-04-13,2022-08-16
GH-01991,Cocoa,Brong Ahafo,0.66,37.4,244.0,5.46,1305.3,738.4,2022-03-02,2022-10-01
GH-00049,Plantain,Western,0.81,31.9,174.4,5.99,1674.5,7409.6,2023-10-15,2024-01-26
GH-01109,Plantain,Brong Ahafo,2.3,16.7,248.9,6.01,1199.8,12574.8,2022-10-31,2023-03-27
GH-00217,Cocoa,Upper East,2.84,14.6,216.6,4.61,951.2,717.3,2024-05-12,2023-08-16
GH-00529,Rice,Central,1.15,29.6,,7.18,1444.4,3085.4,2023-03-16,2023-08-01
GH-01499,Cassava,Greater Accra,0.88,46.3,130.0,7.4,1203.9,13808.6,2023-12-30,2024-10-11
GH-00216,Yam,Upper West,1.87,26.7,63.6,4.76,1006.9,7207.0,2022-02-25,2022-09-02
GH-01523,Maize,Northern,3.05,37.8,,7.37,1125.6,2026.2,2022-07-28,2022-12-13
GH-00010,Rice,Central,2.85,39.4,114.6,6.39,,3591.0,2023-08-08,2024-01-01
GH-01188,Maize,Brong Ahafo,1.26,7.1,121.7,4.66,,3805.6,2022-08-14,2022-11-14
GH-00589,Cocoa,Ashanti,,25.0,169.5,5.88,1494.4,668.8,2022-10-05,2023-05-08
GH-00197,Rice,Upper West,1.16,36.9,76.6,6.38,1112.2,3802.0,2022-04-06,2022-09-01
GH-00297,Plantain,Eastern,1.56,21.2,258.7,7.05,1671.4,12151.0,2022-03-27,2022-07-31
GH-00480,Cocoa,Upper East,1.02,13.1,64.6,6.66,902.7,1183.3,2022-11-18,2023-07-06
GH-01474,Rice,Upper East,,39.8,110.2,6.96,1094.5,3583.5,2022-12-24,2023-04-04
GH-00947,Yam,Volta,2.83,10.8,154.5,6.86,1029.2,17092.5,2022-06-23,2023-03-14
GH-01710,Plantain,Upper East,1.45,27.7,241.1,4.51,1077.8,13928.3,2023-11-29,2024-03-11
GH-00182,Groundnut,Northern,3.09,47.8,128.2,5.34,1024.6,1844.0,2023-10-27,2024-02-25
GH-00200,Cassava,Western,1.03,35.3,113.7,4.57,1902.9,16999.9,2022-10-01,2023-10-19
GH-01486,Groundnut,Northern,1.47,19.8,244.4,5.54,1083.1,1049.5,2022-01-01,2022-04-04
GH-00002,Cocoa,Northern,0.98,22.9,242.3,5.6,1102.0,1020.2,2022-11-17,2023-08-08
GH-00484,Plantain,Volta,1.14,,52.2,6.62,1024.5,,2023-11-01,2024-03-01
GH-00590,Yam,Upper West,1.26,,167.8,7.48,971.3,6805.3,2022-01-16,2022-08-09
GH-00131,Cocoa,Ashanti,2.63,28.1,,6.5,1798.5,496.7,2022-05-13,2022-12-11
GH-00743,Rice,Upper East,1.8,40.7,290.1,6.59,1048.6,2918.4,2023-12-22,2024-04-06
GH-01835,Cocoa,Upper West,2.26,38.1,228.2,7.17,956.6,670.8,2022-05-16,2023-01-24
GH-01678,Cassava,Volta,1.29,42.6,271.4,5.99,1016.4,16385.1,2023-09-01,2024-07-04
GH-00813,Maize,Upper East,2.21,12.2,67.8,6.29,1069.1,,2022-05-16,2022-08-26
GH-00195,Groundnut,Northern,3.36,42.8,133.2,7.39,1065.0,2460.8,2023-08-04,2023-12-16
GH-01450,Cocoa,Ashanti,2.36,43.4,251.4,4.85,1798.0,1147.2,2023-03-15,2024-01-02
GH-01107,Yam,Northern,1.39,42.5,190.1,6.52,1083.5,11162.4,2023-06-25,2024-03-29
GH-00524,Groundnut,Western,0.55,12.6,78.3,5.25,1568.9,2385.2,2023-04-05,2023-08-10
GH-01444,Cassava,Greater Accra,2.02,23.8,63.2,6.06,884.5,13390.8,2023-04-01,2024-04-30
GH-00951,Cassava,Eastern,0.8,33.0,109.6,5.75,,9575.4,2023-10-17,2024-08-22
GH-01964,Rice,Central,2.71,44.7,216.0,5.5,1378.0,3375.2,2022-09-10,2022-12-24
GH-00343,Cassava,Greater Accra,2.39,24.4,239.3,5.6,1020.8,14362.3,2023-03-26,2023-12-07
GH-00490,Yam,Central,0.65,42.3,197.5,6.38,1235.1,10298.9,2023-02-04,2023-09-29
GH-01931,Soybean,Upper East,1.39,38.1,182.5,5.84,1096.1,2048.3,2023-01-06,2023-06-01
GH-01622,,Northern,1.32,30.5,294.7,5.0,1101.7,3885.9,2023-09-18,2023-12-28
GH-00296,Cocoa,Eastern,2.82,37.6,169.3,5.02,1595.3,729.2,2023-05-03,2023-11-21
GH-01954,Cocoa,Greater Accra,1.38,38.8,292.3,5.65,1142.1,852.1,2023-12-07,2024-07-04
GH-01676,Yam,Eastern,1.09,34.9,173.7,6.84,1668.9,15245.3,2022-03-20,2022-11-25
GH-01787,Cocoa,Upper West,2.06,34.1,66.7,5.8,977.9,565.3,2022-02-18,2022-08-22
GH-00374,Soybean,Upper West,,41.3,78.1,6.15,942.1,2702.0,2023-04-24,2023-07-23
GH-00665,,Western,2.82,14.9,131.4,6.82,1992.6,2743.1,2022-04-17,2022-09-06
GH-00187,Rice,Volta,3.48,7.8,199.7,4.99,1127.0,2000.4,2022-06-09,2022-11-01
GH-01673,Soybean,Brong Ahafo,1.74,45.5,253.9,5.58,,1819.1,2023-10-02,2024-02-02
GH-01775,Groundnut,Central,1.23,32.7,169.0,7.41,1424.7,2395.0,2023-04-06,2023-08-17
GH-01986,,Eastern,1.62,46.1,128.2,7.18,1440.7,6118.5,2022-02-01,2022-05-07
GH-01540,Yam,Central,0.63,33.7,127.6,6.38,1114.9,10439.6,2022-06-01,2022-12-31
GH-00427,Maize,Upper West,2.53,16.9,264.7,6.1,921.5,3179.9,2022-12-24,2023-03-25
GH-00899,Groundnut,Eastern,2.29,16.7,103.2,6.22,1423.8,857.5,2022-03-12,2022-07-03
GH-01715,Plantain,Volta,1.09,45.0,296.5,5.39,1328.1,13188.5,2023-03-19,2023-06-20
GH-01785,Cassava,Upper West,0.58,12.8,131.0,7.07,1124.4,,2023-09-30,2025-03-21
GH-01389,Groundnut,Brong Ahafo,0.76,16.6,170.7,6.32,1228.7,1974.6,2023-02-13,2023-06-10
GH-01122,Cassava,Upper West,1.44,41.8,85.5,4.72,1055.6,18870.4,2023-12-16,2024-09-25
GH-00366,Groundnut,Eastern,1.14,31.8,292.2,6.42,1622.1,884.7,2023-06-18,2023-10-12
GH-01668,Maize,Western,2.34,25.8,58.7,7.28,1944.3,3656.4,2023-06-03,2023-10-16
GH-01938,Plantain,Upper East,1.81,14.9,194.2,5.41,980.7,12729.6,2022-10-15,2023-01-30
GH-01944,Plantain,Northern,2.67,33.1,215.4,6.96,1133.4,14195.6,2022-07-24,2022-10-30
GH-01047,Cassava,Upper East,0.52,29.4,138.9,4.78,,13913.1,2023-01-26,2023-11-18
GH-00031,Yam,Brong Ahafo,0.85,7.4,67.8,5.54,1314.3,11748.3,2023-04-09,2023-12-18
GH-00933,,Volta,0.84,27.5,156.9,5.57,1385.5,2453.2,2022-09-18,2023-01-16
GH-01817,Rice,Volta,0.67,13.5,243.1,4.72,1157.0,3829.6,2022-11-12,2023-04-06
GH-00386,Soybean,Volta,2.18,20.0,,6.82,1224.4,1117.5,2022-01-19,2022-06-09
GH-01535,Cassava,Eastern,0.75,14.0,191.8,5.1,1565.8,14253.2,2023-12-16,2024-11-22
GH-00871,,Upper East,2.24,9.1,258.6,6.66,952.5,11347.4,2023-11-25,2024-07-10
GH-00189,,Eastern,1.68,21.3,150.0,5.86,1584.7,1462.2,2022-10-12,2023-01-20
GH-00198,Cocoa,Upper West,1.88,49.7,222.1,5.57,1101.5,793.0,2022-04-29,2022-12-26
GH-00163,Soybean,Volta,2.57,6.7,,5.75,1018.0,1925.3,2022-10-28,2023-03-08
GH-01696,Soybean,Greater Accra,2.54,48.4,246.1,7.15,1089.9,1424.7,2023-03-31,2023-08-14
GH-01862,Plantain,Northern,2.46,15.4,260.8,6.24,1109.5,11349.5,2022-08-27,2022-11-28
GH-01974,Soybean,Volta,1.13,38.6,288.2,5.25,1263.8,1696.2,2023-10-28,2024-03-08
GH-01942,Soybean,Northern,,7.8,289.0,7.38,1127.4,2161.2,2022-06-15,2022-10-22
GH-00723,Cocoa,Upper East,0.79,26.3,130.2,5.57,1028.0,985.7,2022-09-13,2023-06-13
GH-01283,Maize,Upper West,0.79,7.4,147.2,6.7,941.5,2342.9,2022-09-12,2022-12-16
GH-01824,Cocoa,Northern,3.47,17.1,144.6,6.11,1082.0,845.6,2022-09-08,2023-06-30
GH-00255,Maize,Eastern,3.04,32.9,158.0,6.08,1496.6,3907.3,2023-01-23,2023-06-16
GH-01290,Maize,Volta,1.89,10.9,233.0,5.61,1383.4,1942.9,2022-03-08,2022-07-11
GH-00995,Cocoa,Central,2.95,22.9,286.0,5.84,1480.7,1057.3,2023-03-22,2023-12-13
GH-00736,Cassava,Ashanti,1.66,10.2,97.1,7.22,1766.6,15822.6,2022-11-16,2023-12-19
GH-00174,Cocoa,Northern,3.39,43.6,121.8,7.22,1149.9,1058.4,2022-02-17,2022-10-17
GH-00137,Maize,Central,2.25,37.5,154.2,6.03,1072.7,3554.8,2022-09-20,2023-01-28
GH-00086,Cassava,Volta,2.56,33.3,238.1,7.46,1141.2,13284.3,2022-02-12,2023-07-10
GH-01056,Yam,Volta,2.62,45.2,272.6,7.36,1200.4,16476.2,2022-12-09,2023-09-27
GH-00943,Soybean,Ashanti,1.41,35.0,257.7,4.71,1807.7,1472.9,2023-12-28,2024-03-27
GH-01261,Groundnut,Central,1.19,36.0,152.0,5.95,1282.2,1280.9,2023-03-01,2023-07-01
GH-01526,Cassava,Western,2.85,10.0,219.8,6.55,1994.1,13433.4,2023-07-25,2024-07-28
GH-01214,Plantain,Northern,0.58,36.9,109.8,5.28,1145.0,7730.4,2023-05-08,2023-08-28
GH-00693,Yam,Eastern,1.34,10.6,188.7,6.38,1556.4,14969.9,2023-10-12,2024-05-03
GH-00772,Yam,Eastern,2.98,,178.7,5.24,1376.9,6031.3,2022-05-16,2022-12-03
GH-00862,Maize,Upper East,2.43,44.0,290.2,5.41,994.0,3077.3,2022-04-21,2022-08-18
GH-01053,Cassava,Greater Accra,2.61,42.7,221.4,5.45,927.4,16096.2,2023-12-04,2024-12-15
GH-00522,Groundnut,Greater Accra,0.59,14.1,52.7,6.43,1239.1,1913.2,2022-04-21,2022-09-12
GH-01360,Groundnut,Upper East,1.33,33.5,278.4,5.46,965.8,2359.2,2022-01-22,2022-06-05
GH-01201,,Upper West,1.17,49.5,264.0,7.3,920.4,9150.1,2023-08-07,2024-02-25
GH-01143,Soybean,Northern,1.32,12.7,195.0,5.69,1139.4,1267.8,2022-06-22,2022-10-22
GH-01340,Plantain,Northern,3.25,,78.3,6.86,1115.7,8369.1,2023-12-16,2024-03-27
GH-01585,Plantain,Volta,1.97,27.8,123.7,5.73,1338.7,11022.5,2022-10-29,2023-02-05
GH-01091,Cocoa,Greater Accra,3.28,15.0,92.3,5.74,1152.9,400.5,2022-05-31,2023-03-12
GH-00294,Rice,Western,0.64,30.9,214.8,5.05,1654.1,2299.7,2022-09-20,2023-01-06
GH-00603,Cocoa,Upper West,3.21,15.9,116.3,6.02,990.6,994.1,2022-04-25,2023-01-29
GH-00426,Yam,Western,,18.8,127.4,4.84,1899.5,14958.3,2022-04-03,2022-10-02
GH-01708,Plantain,Brong Ahafo,2.01,12.4,81.2,4.73,1240.6,9339.8,2022-07-04,2022-11-09
GH-01544,Yam,Northern,0.88,29.0,268.8,5.42,1015.1,16641.3,2022-11-22,2023-07-08
GH-01207,Yam,Northern,1.77,40.2,217.6,5.9,1100.1,6439.6,2022-02-26,2022-11-14
GH-01495,Plantain,Northern,3.49,27.0,143.2,5.44,1095.1,13092.4,2023-07-15,2023-10-21
GH-00085,,Brong Ahafo,0.8,36.3,268.9,7.5,1104.5,1017.7,2022-09-29,2023-02-01
GH-01253,Soybean,Central,3.03,33.0,278.2,4.52,1462.4,2480.0,2022-03-15,2022-06-26
GH-01176,Groundnut,Greater Accra,0.64,20.7,264.5,5.31,1253.0,2319.4,2023-01-12,2023-04-13
GH-01220,Cassava,Volta,2.57,34.6,196.7,6.79,1088.8,17809.6,2022-03-08,2023-02-14
GH-00808,Maize,Brong Ahafo,3.3,28.1,176.1,5.44,1116.0,2877.9,2023-11-26,2024-03-20
GH-01189,Cassava,Eastern,,31.1,123.4,4.79,1297.3,13131.3,2022-02-28,2023-07-02
GH-00127,Rice,Upper East,,26.5,236.4,6.68,1099.4,2062.2,2023-11-22,2024-03-02
GH-01136,Cassava,Upper West,1.85,10.6,289.9,7.03,1022.2,14701.6,2022-07-21,2023-04-16
GH-00051,Groundnut,Central,1.66,34.1,231.1,7.28,1235.1,944.9,2023-11-25,2024-03-06
GH-00575,Groundnut,Greater Accra,1.73,42.7,254.5,5.82,1088.8,1922.6,2023-09-01,2023-12-27
GH-00358,Soybean,Western,2.91,22.4,167.0,6.82,1519.6,1798.7,2022-10-30,2023-02-04
GH-00038,Maize,Upper West,1.26,5.2,287.0,7.44,1104.7,1786.9,2022-03-17,2022-08-11
GH-00911,Cassava,Volta,2.36,34.4,113.4,4.58,1379.6,19161.7,2023-01-10,2024-04-16
GH-01358,Cassava,Ashanti,1.29,6.4,246.2,6.89,1883.3,16582.3,2023-10-31,2024-11-17
GH-00880,Yam,Volta,2.56,15.2,263.5,6.44,1162.9,,2022-04-29,2022-11-05
GH-00077,Cocoa,Eastern,1.9,11.3,60.4,6.14,1286.8,704.0,2023-11-02,2024-08-19
GH-01756,Soybean,Northern,0.54,5.5,,5.35,1033.9,2426.5,2022-08-04,2022-11-15
GH-00509,Soybean,Upper West,2.95,32.8,128.2,5.55,995.6,2018.0,2023-11-29,2024-02-28
GH-00233,Cocoa,Upper West,1.24,25.1,290.5,7.03,931.9,880.4,2022-10-05,2023-07-28
GH-01113,Soybean,Western,1.52,14.3,54.0,6.0,1653.5,1889.7,2023-04-26,2023-08-21
GH-01764,Groundnut,Central,2.96,14.4,299.9,6.72,1391.6,868.5,2023-04-14,2023-08-26
GH-00494,Plantain,Brong Ahafo,2.13,40.6,298.6,5.64,1306.6,7743.8,2022-11-07,2023-03-29
GH-00833,Cassava,Brong Ahafo,1.71,,272.0,4.68,1211.0,16230.9,2023-09-26,2024-06-08
GH-00683,Groundnut,Eastern,1.36,41.9,298.1,7.49,1632.8,2332.5,2023-08-08,2023-12-06
GH-00373,Rice,Upper East,2.15,32.6,153.6,5.78,1044.3,4650.2,2022-12-14,2023-04-03
GH-00399,Soybean,Northern,3.14,27.4,274.1,4.79,1125.4,2682.8,2023-01-31,2023-06-01
GH-01805,Yam,Ashanti,2.77,29.7,129.3,7.41,1649.7,9643.8,2023-04-23,2023-10-22
GH-00204,Maize,Western,2.99,17.8,74.7,6.79,1886.9,2232.6,2022-12-05,2022-08-24
GH-00397,Soybean,Northern,3.36,47.2,223.5,6.18,1026.2,1200.9,2023-06-16,2023-09-21
GH-00307,Cocoa,Central,2.27,41.6,207.2,4.56,1396.1,517.3,2023-10-15,2024-07-07
GH-00754,Rice,Northern,2.3,38.7,189.2,5.72,1108.7,4000.9,2022-11-29,2023-03-31
GH-01924,Cassava,Upper East,1.98,38.2,90.7,7.32,1078.1,8150.6,2022-03-23,2023-09-11
GH-00040,Cassava,Ashanti,1.05,8.8,164.1,6.17,1770.2,10087.4,2023-02-21,2024-04-24
GH-00015,Soybean,Upper East,1.9,40.5,71.7,5.49,,1313.5,2022-06-10,2023-02-21
GH-01723,Groundnut,Volta,1.91,8.8,64.8,6.87,1362.8,862.5,2022-09-19,2023-01-10
GH-00250,Cassava,Ashanti,2.37,10.2,259.4,5.06,1349.2,19481.6,2023-06-24,2024-04-12
GH-01309,Maize,Ashanti,1.25,46.8,61.2,5.53,1968.0,2852.8,2022-09-25,2023-02-05
GH-01132,Rice,Greater Accra,1.22,29.5,226.9,6.23,1059.7,,2023-04-10,2023-08-13
GH-00405,Soybean,Volta,,13.6,215.3,4.62,1367.0,2108.6,2023-01-21,2022-02-09
GH-00566,,Upper East,1.1,,266.1,7.3,1080.4,4275.3,2022-07-22,2022-12-16
GH-01691,Plantain,Brong Ahafo,,9.6,275.8,4.99,1334.1,8550.6,2023-06-25,2023-10-06
GH-00940,Rice,Eastern,2.98,31.3,59.2,6.31,1426.4,4594.4,2022-01-16,2022-04-23
GH-01619,Plantain,Ashanti,1.39,9.7,141.7,7.43,,10244.9,2022-09-21,2023-02-13
GH-01624,Cocoa,Central,2.3,40.1,282.2,5.37,1165.5,840.7,2022-12-08,2023-06-29
GH-00445,Cocoa,Volta,0.81,37.5,197.7,4.91,1354.9,834.6,2023-01-01,2023-07-27
GH-01379,Plantain,Central,2.75,47.3,278.7,7.03,1215.5,11505.5,2023-12-01,2024-04-21
GH-01179,Groundnut,Greater Accra,2.24,35.6,107.5,6.1,1207.1,1247.4,2022-04-22,2022-07-27
GH-00920,Soybean,Western,1.42,18.6,134.4,5.23,1726.9,1223.5,2022-02-11,2022-05-31
GH-00242,Groundnut,Greater Accra,2.04,13.4,217.6,6.89,981.1,2431.5,2023-09-05,2023-12-09
GH-01746,Rice,Brong Ahafo,1.09,35.2,81.2,7.41,1353.8,4947.8,2023-09-01,2023-12-10
GH-01139,Cocoa,Eastern,0.52,14.8,268.7,5.79,1652.6,508.8,2022-09-26,2023-07-01
GH-00285,Rice,Eastern,2.28,13.7,52.4,7.3,1467.9,3504.7,2022-03-28,2022-07-25
GH-00655,Plantain,Central,3.34,26.4,160.1,5.71,1485.5,8155.7,2023-03-03,2023-07-20
GH-00642,Plantain,Brong Ahafo,2.22,40.9,91.1,5.52,1263.1,8841.1,2023-05-06,2023-09-04
GH-01596,Soybean,Northern,1.78,14.0,223.8,6.06,1038.5,,2023-11-05,2024-03-16
GH-01902,Yam,Greater Accra,1.45,,84.8,5.89,1184.2,13661.7,2022-12-22,2023-10-05
GH-01157,Rice,Ashanti,1.4,15.1,272.3,6.84,1815.9,4290.5,2022-10-09,2023-01-31
GH-00117,Maize,Ashanti,2.43,7.1,104.6,7.0,1352.2,2809.8,2022-03-16,2022-07-23
GH-00237,Plantain,Eastern,3.2,34.9,130.8,4.52,1730.8,11253.6,2023-08-30,2024-01-14
GH-01989,Cassava,Eastern,0.96,24.7,251.2,5.93,1285.9,18550.2,2023-11-20,2025-04-22
GH-00731,,Upper West,2.53,25.1,215.4,7.03,944.5,10946.0,2023-10-15,2024-07-02
GH-00571,Plantain,Eastern,1.13,14.3,83.0,6.1,1362.7,14079.6,2023-04-18,2023-08-22
GH-00286,Cassava,Western,0.6,26.2,68.8,7.32,1833.5,18399.3,2022-01-31,2023-06-19
GH-00552,Cocoa,Upper East,0.61,,176.4,4.69,902.8,697.7,2022-01-13,2022-07-20
GH-00145,Soybean,Volta,1.11,15.6,241.1,4.98,1244.5,1053.6,2022-05-22,2022-08-31
GH-01141,,Central,3.21,5.8,179.1,6.03,1439.5,,2022-03-15,2022-07-18
GH-01183,Soybean,Eastern,2.6,45.4,159.3,5.73,1442.1,1373.3,2023-05-12,2023-09-21
GH-00738,Yam,Northern,,26.3,70.2,4.91,1051.0,8201.0,2023-04-16,2024-01-24
GH-01187,Soybean,Ashanti,0.75,12.8,209.6,5.79,1778.3,1534.6,2023-09-20,2024-01-30
GH-00598,Groundnut,Northern,2.4,49.9,252.4,5.94,1093.4,2196.6,2022-02-08,2022-11-28
GH-01072,Rice,Western,2.89,,,6.24,2070.7,2216.8,2023-12-12,2024-04-07
GH-00340,Cocoa,Greater Accra,1.31,46.3,62.3,6.89,816.9,693.4,2023-05-21,2024-03-07
GH-01074,Cassava,Greater Accra,1.15,27.4,241.2,6.23,803.7,17095.7,2022-02-11,2022-11-12
GH-00449,Groundnut,Greater Accra,1.07,6.1,69.6,6.49,1011.3,2350.0,2022-11-23,2023-03-07
GH-00471,Yam,Greater Accra,2.61,19.2,147.0,5.33,829.3,7051.3,2022-08-02,2023-04-20
GH-00368,Rice,Greater Accra,0.97,6.2,267.7,7.36,,3942.5,2022-07-01,2022-10-30
GH-01884,Yam,Northern,1.23,37.7,148.0,6.7,1119.3,16575.5,2022-02-19,2022-10-17
GH-00667,Plantain,Greater Accra,2.83,7.8,152.2,5.49,952.3,6842.0,2023-08-02,2023-11-10
GH-00486,Plantain,Volta,0.52,25.6,151.7,6.88,1176.7,13563.0,2022-02-23,2022-06-23
GH-01587,Maize,Greater Accra,2.28,10.0,106.0,5.25,1079.8,2595.2,2022-04-30,2022-09-13
GH-00956,Cassava,Eastern,1.94,22.4,175.1,5.51,1671.0,16449.9,2023-07-13,2024-12-05
GH-01428,Cassava,Brong Ahafo,0.92,46.3,163.6,4.54,1189.0,14481.4,2023-05-10,2024-09-26
GH-00027,Plantain,Western,1.77,46.0,244.9,7.46,1843.8,12229.7,2023-05-08,2023-09-05
GH-01985,Plantain,Upper West,1.66,34.8,89.7,5.64,925.6,7026.9,2023-06-02,2023-09-28
GH-00076,Rice,Western,2.55,18.7,268.3,6.04,,3675.7,2022-10-13,2023-02-18
GH-00946,Groundnut,Western,3.19,,242.9,5.37,1561.2,891.4,2022-06-30,2022-10-21
GH-00065,Groundnut,Brong Ahafo,2.69,18.9,139.8,7.42,1314.4,2022.1,2022-10-17,2023-03-10
GH-01533,Rice,Greater Accra,1.26,31.5,58.1,6.44,889.3,3481.8,2022-01-09,2022-06-06
GH-01599,Soybean,Central,2.84,33.7,137.7,5.88,1426.0,1161.5,2022-04-04,2022-08-05
GH-00101,Groundnut,Central,2.79,10.5,139.7,4.69,1016.2,1037.6,2022-11-18,2023-03-02
GH-00226,Rice,Ashanti,2.91,44.5,,5.4,1556.0,2640.5,2022-11-29,2023-04-15
GH-00448,Plantain,Upper East,2.17,26.9,283.2,5.75,1088.5,7076.8,2023-08-06,2023-11-21
GH-01418,Groundnut,Greater Accra,1.24,14.3,180.5,4.6,1209.6,1372.6,2023-12-28,2024-04-07
GH-01038,Groundnut,Brong Ahafo,1.1,13.5,259.5,7.24,1309.8,2334.7,2023-06-03,2023-09-06
GH-00019,Soybean,Ashanti,3.29,8.7,182.6,5.68,1850.8,2775.5,2022-09-05,2023-01-03
GH-01995,Yam,Central,2.4,13.0,86.3,6.19,1244.8,13112.4,2023-08-21,2024-02-27
GH-01508,Rice,Northern,1.98,17.7,288.6,5.13,1064.7,3031.4,2023-07-09,2023-11-03
GH-01445,Cassava,Northern,2.41,7.0,164.2,7.48,1096.4,13185.2,2023-03-10,2024-07-01
GH-01324,Plantain,Volta,1.82,37.2,,5.41,1293.8,7130.1,2022-05-11,2023-03-24
GH-01436,Rice,Greater Accra,3.47,45.6,144.6,7.43,804.5,2232.6,2023-06-23,2023-10-07
GH-00935,Soybean,Brong Ahafo,0.97,16.9,146.0,7.39,1128.6,1760.2,2022-05-01,2022-09-06
GH-01472,Rice,Western,0.78,30.1,255.1,6.73,1836.9,3337.3,2023-01-13,2023-04-28
GH-00999,Soybean,Volta,,49.1,271.7,4.96,1303.6,1189.6,2023-01-03,2022-09-06
GH-01322,Cassava,Ashanti,3.07,,168.2,5.6,1675.3,12549.5,2023-04-01,2024-02-13
GH-00195,Groundnut,Northern,3.36,42.8,133.2,7.39,1065.0,2460.8,2023-12-16,2023-08-04
GH-00205,Cocoa,Brong Ahafo,2.7,19.7,195.0,5.98,1223.2,744.6,2022-02-13,2022-09-10
GH-01059,Plantain,Central,2.79,36.2,252.0,7.27,1214.7,10467.4,2022-05-17,2022-10-12
GH-01135,Cassava,Volta,1.52,12.4,94.9,5.3,1198.7,19104.6,2023-07-19,2024-05-10
GH-01525,Yam,Eastern,2.68,14.1,297.3,7.47,1399.9,7510.8,2022-07-18,2023-04-11
GH-01464,Cassava,Northern,,29.9,265.0,6.11,1086.2,18091.1,2022-06-28,2023-04-17
GH-00304,Plantain,Volta,1.68,43.2,170.4,5.48,1320.1,8385.4,2022-06-11,2022-09-13
GH-01650,Rice,Western,2.15,12.6,140.0,4.89,1806.4,3322.0,2023-05-09,2023-08-24
GH-00240,Soybean,Western,3.36,40.7,147.6,5.43,1526.3,1383.8,2022-02-21,2022-07-09
GH-01493,Groundnut,Western,2.6,34.9,107.4,4.82,1651.5,1102.9,2022-01-18,2022-04-21
GH-01525,Yam,Eastern,2.68,14.1,297.3,7.47,1399.9,7510.8,2022-07-18,2023-04-11
GH-01629,Groundnut,Central,0.91,7.1,92.1,6.39,1189.6,2286.5,2022-05-22,2022-09-20
GH-01195,Rice,Greater Accra,1.18,23.6,115.9,6.79,,4511.8,2023-08-16,2023-12-07
GH-01297,Cassava,Upper East,2.84,32.8,68.8,6.91,912.9,16690.9,2023-02-06,2024-01-04
GH-01339,Plantain,Northern,1.99,29.0,161.3,5.66,,13730.1,2023-07-03,2023-10-12
GH-00498,Cocoa,Upper West,2.35,37.4,60.8,7.12,963.4,1047.8,2022-04-22,2023-01-16
GH-00116,Cocoa,Upper East,1.17,17.5,159.7,6.65,1050.0,912.3,2023-12-16,2024-06-13
GH-00668,Cocoa,Volta,2.33,42.0,131.7,5.04,1100.4,630.3,2022-07-18,2023-04-21
GH-01893,Yam,Northern,0.63,12.4,283.6,6.1,1087.3,8873.3,2023-06-19,2024-04-06
GH-01590,Soybean,Northern,2.72,5.7,180.9,4.94,1138.6,2426.9,2023-09-20,2024-01-29
GH-00225,Rice,Eastern,2.16,27.7,,6.38,1317.4,3842.0,2023-01-12,2023-05-17
GH-00458,Soybean,Upper East,2.15,22.3,118.2,7.49,926.4,1252.6,2022-07-31,2022-12-19
GH-00934,Maize,Upper West,0.53,,118.1,6.69,,4473.5,2023-05-15,2023-09-16
GH-01656,Cassava,Northern,1.9,17.9,229.0,7.28,1031.9,13154.8,2023-07-17,2024-05-10
GH-01763,Cassava,Volta,0.56,19.0,182.0,4.97,1190.9,8264.5,2022-11-26,2024-03-20
GH-01545,Soybean,Upper East,0.88,26.2,153.9,5.36,,2317.4,2023-11-03,2024-03-27
GH-00978,Soybean,Greater Accra,,44.6,124.5,6.56,807.7,2176.4,2023-10-26,2024-02-10
GH-00957,Cocoa,Greater Accra,2.84,42.0,263.9,5.43,1012.6,982.7,2022-01-05,2022-07-09
GH-01779,Soybean,Greater Accra,3.36,28.7,167.2,6.27,1239.0,1603.4,2023-03-23,2023-07-13
GH-01529,Plantain,Upper East,1.42,43.9,134.5,7.08,1003.6,14794.0,2023-01-28,2023-06-05
GH-00268,Soybean,Volta,2.66,30.3,108.5,6.97,1173.0,1251.5,2023-12-10,2024-04-16
GH-00150,Soybean,Upper East,1.45,,270.6,6.35,,1929.5,2022-03-06,2022-07-23
GH-00898,Cocoa,Eastern,2.57,5.1,117.9,7.0,1318.3,1097.3,2023-06-05,2023-12-10
GH-01758,Maize,Brong Ahafo,3.1,,240.6,5.91,1386.5,1666.9,2023-12-10,2024-04-05
GH-01630,Plantain,Eastern,3.18,12.9,195.4,5.92,1482.8,10987.4,2022-04-21,2022-08-20
GH-00964,Groundnut,Central,3.45,12.7,255.4,7.15,1167.8,1474.8,2022-02-13,2022-06-18
GH-01745,Plantain,Western,3.01,9.7,90.9,6.72,1710.0,6904.5,2022-02-23,2022-07-13
GH-00316,Soybean,Greater Accra,0.66,8.6,64.6,4.58,1177.3,1526.3,2022-05-01,2022-08-13
GH-00238,Plantain,Northern,0.96,10.3,283.8,6.84,1082.3,9239.4,2023-12-07,2024-05-04
GH-01282,Groundnut,Volta,2.63,,106.1,6.84,1110.0,1248.7,2022-12-17,2023-03-20
GH-01689,Maize,Upper East,0.63,25.0,249.2,7.47,942.8,3713.5,2023-06-10,2023-09-22
GH-00283,Plantain,Central,1.27,39.2,226.0,5.01,1481.0,8027.3,2023-06-19,2023-10-24
GH-00025,Cocoa,Western,3.22,40.3,181.1,7.03,1503.9,914.3,2023-05-15,2024-01-12
GH-01458,Cocoa,Upper West,0.8,31.3,213.1,6.04,1118.0,559.7,2023-02-23,2023-09-02
GH-00080,Cocoa,Ashanti,0.63,19.7,201.9,6.0,1577.8,977.0,2023-12-14,2024-09-10
GH-01623,Plantain,Eastern,1.7,5.7,231.7,6.62,1525.0,13577.6,2022-03-20,2022-07-23
GH-00108,,Eastern,0.73,28.9,151.6,6.44,1282.5,561.6,2023-04-09,2023-11-10
GH-01459,Plantain,Upper East,2.31,40.9,,4.91,1001.9,5203.1,2022-12-13,2023-03-21
GH-00344,Rice,Western,1.95,19.0,,6.77,1501.8,4704.4,2023-05-11,2023-08-17
GH-01880,Maize,Brong Ahafo,2.6,,219.3,7.23,1220.3,1732.6,2022-06-25,2022-11-13
GH-00443,Maize,Brong Ahafo,1.85,10.6,265.7,6.4,1120.7,2868.2,2022-10-10,2022-07-06
GH-00789,Soybean,Central,1.75,13.2,204.7,4.64,1174.9,,2023-02-05,2023-05-14
GH-00767,Yam,Western,2.1,9.7,147.5,6.63,1615.4,16477.9,2022-04-13,2022-10-15
GH-00256,Cassava,Brong Ahafo,3.21,26.5,146.5,5.99,1357.2,16044.8,2022-03-18,2023-04-12
GH-00863,Rice,Greater Accra,3.42,44.2,130.1,7.47,1059.3,2876.1,2023-01-16,2023-05-03
GH-01618,Maize,Upper East,0.64,46.9,232.9,7.17,1072.4,4183.1,2022-07-25,2022-11-12
GH-00768,Soybean,Eastern,2.41,18.3,98.6,4.65,1626.2,1057.9,2022-06-10,2022-10-02
GH-01570,Plantain,Northern,1.18,25.3,54.9,6.52,,14448.9,2023-07-24,2023-11-29
GH-00717,Cassava,Volta,3.29,7.6,116.0,6.17,1023.4,9383.8,2023-08-23,2025-02-01
GH-00392,Cassava,Northern,1.43,27.2,251.2,6.56,1085.7,9417.9,2023-06-24,2024-03-30
GH-01899,Soybean,Greater Accra,2.04,25.0,121.9,5.41,1230.0,1573.7,2022-10-20,2023-03-17
GH-01095,Rice,Upper East,1.79,45.3,234.6,4.83,934.6,3345.6,2022-09-09,2023-01-15
GH-01537,Maize,Ashanti,1.48,,168.8,5.82,1424.1,2245.2,2022-04-20,2022-08-25
GH-01041,Yam,Brong Ahafo,3.35,22.8,76.1,7.25,1308.3,14460.2,2023-09-17,2024-04-08
GH-01720,Maize,Central,1.68,13.8,145.4,5.78,1006.2,3571.1,2022-05-28,2022-08-27
GH-01662,Cassava,Western,0.84,35.3,82.5,5.05,2074.0,11330.5,2023-03-22,2024-09-03
GH-01760,Cassava,Ashanti,1.75,25.1,137.0,6.37,1545.2,11112.6,2022-08-16,2023-08-25
GH-00834,Cocoa,Northern,1.67,43.2,225.7,5.32,1067.3,848.2,2023-11-29,2024-09-01
GH-01198,Cassava,Greater Accra,2.6,8.8,283.5,5.96,1071.9,9503.2,2022-08-18,2023-08-22
GH-01108,Plantain,Upper West,2.36,25.6,223.7,7.23,1098.3,10812.9,2023-04-11,2023-07-15
GH-01327,Maize,Greater Accra,2.36,48.3,59.4,6.07,874.9,3737.8,2023-02-16,2023-06-28
GH-01259,Soybean,Upper East,2.58,20.5,83.8,7.35,1058.0,1288.5,2022-11-11,2023-02-13
GH-00781,Maize,Eastern,3.45,40.8,140.7,6.46,1691.5,2037.9,2022-08-12,2022-12-22
GH-00414,Maize,Ashanti,1.06,42.2,,6.78,1319.1,3705.6,2023-11-23,2024-04-09
GH-01022,Maize,Brong Ahafo,2.22,25.1,281.6,5.0,1219.5,2624.0,2022-05-18,2022-02-17
GH-01704,Cassava,Brong Ahafo,2.34,5.8,55.1,6.72,1161.7,8515.2,2023-10-28,2025-03-21
GH-01370,Rice,Eastern,1.44,35.3,56.5,6.71,1523.3,2668.3,2023-07-28,2023-04-08
GH-00767,Yam,Western,2.1,9.7,147.5,6.63,1615.4,16477.9,2022-04-13,2022-10-15
GH-01926,Yam,Ashanti,,26.2,248.5,7.48,1598.4,,2023-11-24,2024-08-06
GH-00203,Groundnut,Brong Ahafo,0.54,37.3,87.0,4.97,1309.8,1437.2,2022-05-18,2022-09-13
GH-01126,Soybean,Brong Ahafo,2.12,28.1,94.4,6.06,1328.2,,2023-10-24,2024-03-15
GH-01057,Soybean,Northern,1.93,36.0,192.3,5.94,1142.7,1511.5,2022-01-06,2022-04-06
GH-00839,Cocoa,Western,0.92,49.4,260.7,5.29,1880.9,561.8,2023-12-28,2024-08-30
GH-00439,Groundnut,Central,1.48,36.8,265.9,6.06,1047.1,1242.7,2022-06-24,2022-02-03
GH-01235,,Central,0.92,6.5,81.4,5.25,1393.5,4450.5,2023-06-12,2024-03-19
GH-01317,Rice,Ashanti,,47.0,,6.76,1912.9,2147.2,2022-10-19,2023-03-09
GH-01633,Soybean,Western,3.49,21.0,155.8,5.75,2010.1,2268.6,2023-11-02,2024-03-16
GH-00365,Groundnut,Western,0.93,10.1,129.8,5.08,1736.9,2460.1,2023-04-01,2023-08-05
GH-00842,Soybean,Volta,3.11,35.9,,4.99,1132.9,1531.4,2023-06-21,2023-10-25
GH-00416,Maize,Upper East,1.67,40.5,91.7,5.87,1075.4,4039.9,2022-05-26,2022-02-01
GH-00001,Groundnut,Central,1.7,33.6,57.3,4.7,1091.9,1605.3,2023-03-19,2023-08-02
GH-00473,Cassava,Upper West,2.19,6.8,281.1,5.59,967.3,14080.3,2023-04-23,2024-07-01
GH-00075,Yam,Upper East,0.66,11.4,211.6,5.16,951.3,13235.4,2023-08-15,2024-06-01
GH-00147,Cassava,Upper East,2.36,46.3,209.8,5.2,,17154.0,2022-04-12,2023-07-02
GH-01319,Rice,Greater Accra,1.47,22.2,202.3,4.95,852.6,3574.1,2022-04-17,2022-07-28
GH-01411,Cocoa,Western,1.72,39.3,255.3,7.32,2042.6,1161.2,2022-08-07,2023-03-05
GH-01190,Soybean,Ashanti,0.8,46.1,149.9,6.48,1799.1,2474.8,2022-03-17,2022-07-02
GH-01749,,Western,1.29,42.1,270.0,7.43,1540.2,1951.2,2023-05-01,2023-08-08
GH-00277,Maize,Central,1.7,48.5,134.1,4.8,1495.1,2013.9,2023-05-18,2023-09-16
GH-01199,Cassava,Western,,39.7,100.9,6.64,1769.8,15359.3,2022-11-29,2023-12-03
GH-00980,Plantain,Ashanti,0.55,29.3,105.9,6.64,,10924.4,2022-06-05,2022-09-17
GH-00041,Cassava,Central,,35.7,202.4,7.34,1466.1,18112.3,2022-07-09,2023-11-06
GH-00281,Cocoa,Ashanti,2.13,31.4,95.2,6.88,1875.2,1125.8,2022-05-15,2022-11-18
GH-00924,Groundnut,Greater Accra,1.0,6.7,131.2,5.26,983.6,866.5,2022-01-16,2022-06-04
GH-00063,Yam,Brong Ahafo,1.61,23.1,232.4,7.36,1319.2,8968.1,2023-03-18,2023-11-02
GH-00348,Cocoa,Brong Ahafo,0.89,49.4,68.1,6.93,1373.5,565.3,2022-02-21,2022-11-03
GH-01171,Soybean,Brong Ahafo,2.7,26.3,247.0,4.63,1312.0,1879.0,2022-12-05,2023-04-04
GH-01743,Rice,Ashanti,2.76,45.5,202.0,5.36,1400.0,3476.8,2023-03-23,2023-08-14
GH-01825,Yam,Brong Ahafo,0.62,44.9,,5.32,1310.3,7601.6,2023-06-10,2024-02-14
GH-00154,,Upper West,3.22,25.3,231.2,6.62,978.4,9328.5,2022-08-29,2023-10-14
GH-01267,Groundnut,Eastern,3.2,38.8,193.7,6.5,1489.7,2215.9,2022-07-01,2022-10-14
GH-00396,Cocoa,Upper East,2.64,18.9,137.2,6.54,,1065.9,2023-06-16,2024-01-19
GH-00261,Maize,Central,2.76,25.3,233.9,5.76,1381.8,2374.4,2022-01-24,2022-05-22
GH-00851,Groundnut,Upper East,1.88,14.9,240.2,6.19,983.5,2190.3,2022-05-05,2022-08-10
GH-01058,Groundnut,Ashanti,2.52,17.8,253.0,6.6,1821.6,1805.3,2022-07-13,2022-11-13
GH-01574,Plantain,Ashanti,0.74,18.6,204.8,5.89,1328.3,6266.2,2022-05-26,2022-10-05
GH-00383,Cocoa,Eastern,2.35,7.4,83.1,5.62,1602.1,634.6,2023-10-20,2023-04-09
GH-01325,Yam,Volta,0.9,24.3,159.1,6.13,1274.5,7245.0,2023-09-14,2024-03-13
GH-00176,Plantain,Central,3.29,47.9,251.7,5.97,1385.7,11130.4,2022-08-14,2022-12-18
GH-00327,Cassava,Eastern,1.31,31.1,262.6,6.46,1255.0,19017.3,2022-05-30,2023-10-04
GH-00301,Maize,Greater Accra,0.64,14.3,78.9,4.66,1027.4,4115.6,2022-04-28,2022-09-11
GH-01852,Maize,Greater Accra,1.08,24.4,127.4,7.34,810.4,4482.8,2022-08-07,2023-01-01
GH-00551,Maize,Central,3.08,13.6,272.8,6.02,1080.0,1977.9,2023-04-30,2023-09-09
GH-00912,Yam,Eastern,3.32,7.4,270.9,4.62,1494.2,,2023-06-29,2022-10-18
GH-00388,Groundnut,Northern,2.62,11.2,131.4,6.34,1060.0,2246.1,2023-12-28,2024-05-05
GH-01793,Groundnut,Greater Accra,2.83,42.5,167.6,6.21,1117.3,2050.6,2022-07-13,2022-12-01
GH-01506,,Central,2.52,24.3,240.7,5.97,1014.5,17923.1,2022-09-21,2023-07-26
GH-00287,Maize,Northern,2.41,26.3,183.9,7.24,1060.8,3884.2,2022-05-01,2022-09-24
GH-01019,Soybean,Central,3.18,11.2,59.8,7.05,1108.7,1960.3,2023-02-08,2023-06-19
GH-01216,Maize,Northern,1.15,11.2,203.8,4.6,1113.5,2893.6,2023-10-01,2024-02-01
GH-00734,Soybean,Central,1.12,,194.0,5.52,1413.2,1826.8,2022-10-12,2023-02-18
GH-00821,Groundnut,Brong Ahafo,0.74,38.6,124.7,6.81,1274.2,1668.8,2022-11-20,2023-03-21
GH-01912,Plantain,Northern,1.46,17.6,140.0,6.42,1037.6,5258.5,2022-06-02,2022-10-02
GH-00710,Soybean,Upper West,2.69,,114.2,6.8,988.7,2267.3,2023-05-03,2023-08-06
GH-00513,Groundnut,Central,1.19,49.7,292.4,5.98,1448.9,2409.7,2022-06-13,2022-09-21
GH-01162,Yam,Central,2.31,14.8,200.7,4.71,1042.3,7149.7,2023-05-02,2023-12-11
GH-00843,Maize,Northern,1.64,41.7,58.8,4.95,1135.1,3807.3,2023-03-05,2023-06-05
GH-01490,Maize,Eastern,2.45,17.4,182.6,4.55,1276.9,3672.5,2023-05-11,2023-09-09
GH-01263,Groundnut,Brong Ahafo,3.32,33.4,270.5,4.96,1181.9,1668.4,2023-07-16,2023-12-06
GH-01100,Cassava,Central,1.5,46.0,165.5,7.2,1084.0,13951.2,2023-04-10,2024-09-10
GH-01950,,Ashanti,2.31,36.3,254.0,6.48,1849.5,1693.2,2022-09-16,2023-02-12
GH-00056,Cocoa,Brong Ahafo,2.81,48.2,159.5,7.38,,438.1,2023-06-19,2024-03-20
GH-01774,Cocoa,Central,2.73,46.2,65.7,4.87,1477.2,1160.8,2022-03-28,2022-12-28
GH-00362,Maize,Central,1.53,26.6,123.2,5.14,1203.9,3209.2,2023-07-16,2023-11-25
GH-00931,Groundnut,Volta,3.46,8.8,118.5,7.44,1101.0,2286.3,2023-11-10,2024-02-25
GH-01010,Soybean,Upper West,1.72,11.3,261.9,6.98,1090.8,,2023-11-17,2024-04-05
GH-01797,Groundnut,Ashanti,1.85,33.5,236.6,5.91,1803.4,817.9,2022-10-14,2023-03-05
GH-01504,Cassava,Eastern,1.95,13.3,111.9,6.1,1425.1,12872.4,2022-05-13,2023-05-04
GH-01613,Soybean,Upper West,2.46,40.5,268.7,5.93,1132.9,2263.3,2022-10-29,2023-02-20
GH-01984,Cassava,Upper West,,27.6,104.0,5.05,948.1,10155.0,2022-05-30,2023-11-16
GH-01888,Cocoa,Ashanti,1.17,,129.1,4.75,1593.4,937.8,2023-11-07,2024-08-18
GH-00528,Rice,Western,1.77,12.7,196.0,7.38,1520.9,3504.7,2023-10-14,2024-03-05
GH-01451,Soybean,Volta,2.5,31.2,117.8,5.6,1397.4,,2022-02-26,2022-06-01
GH-00410,Plantain,Eastern,3.45,,136.5,6.1,1320.3,13768.3,2022-08-08,2022-11-10
GH-00650,Yam,Western,1.11,,64.0,5.84,1690.4,11235.2,2023-04-14,2023-11-09
GH-01977,Groundnut,Northern,3.24,,99.7,5.08,1046.6,1988.9,2023-09-12,2023-12-30
GH-00791,Plantain,Ashanti,2.97,43.0,273.7,6.94,1698.6,13766.8,2022-04-01,2022-07-27
GH-01695,,Northern,2.09,38.5,159.2,6.47,1060.6,6483.0,2023-04-27,2023-12-17
GH-00199,Yam,Volta,3.26,19.2,114.9,5.47,1078.5,8333.6,2023-01-09,2023-07-27
GH-01863,Cassava,Northern,1.88,35.8,100.9,5.0,1130.7,8513.4,2023-10-07,2024-07-04
GH-01637,Maize,Upper West,3.32,27.6,131.1,6.44,,2445.2,2022-01-09,2022-04-24
GH-01291,Maize,Central,1.64,18.1,145.9,5.34,1479.4,2868.2,2022-02-15,2022-07-04
GH-00974,Cassava,Volta,1.1,20.7,73.5,5.43,1323.4,12750.9,2022-02-08,2023-09-03
GH-01433,Plantain,Eastern,2.11,,255.4,5.11,1597.9,11056.5,2023-04-11,2022-12-02
GH-00452,Plantain,Upper East,2.06,17.6,248.8,5.8,1054.5,6502.1,2023-04-13,2023-07-16
GH-01308,Soybean,Ashanti,1.8,11.7,169.7,7.29,1551.5,2263.4,2022-09-22,2023-01-18
GH-00418,Rice,Upper West,1.73,11.3,227.3,7.24,,2108.5,2023-06-09,2023-09-28
GH-01868,Yam,Upper West,2.4,26.9,209.7,6.06,1134.4,17916.2,2023-08-30,2024-04-19
GH-00748,Groundnut,Volta,1.42,32.5,156.2,5.65,1320.3,2473.1,2023-08-28,2023-12-08
GH-00567,Rice,Upper East,2.27,,174.9,5.5,902.4,,2022-08-17,2023-01-01
GH-01759,Groundnut,Northern,0.99,25.1,258.3,5.45,1074.5,2161.7,2023-07-05,2023-10-20
GH-00179,Maize,ASH,1.04,45.7,251.7,6.61,1452.5,2080.9,2023-04-30,2023-08-03
GH-01250,Cocoa,Western,2.36,25.2,107.1,6.95,,1064.8,2023-01-13,2023-10-14
GH-01539,Plantain,Ashanti,1.83,32.9,83.4,5.96,1876.8,6182.4,2023-08-01,2023-05-07
GH-00120,Yam,Central,2.49,38.6,,4.69,1176.6,15341.9,2022-05-22,2023-03-12
GH-00857,Cassava,Ashanti,3.09,39.2,219.2,5.81,1641.8,13926.7,2023-01-18,2023-10-30
GH-00818,Cassava,Western,3.05,9.8,126.2,5.42,1905.3,10466.9,2023-02-07,2023-11-25
GH-01790,Plantain,Volta,1.27,27.9,217.7,6.98,1006.3,14248.7,2022-03-19,2022-08-10
GH-01699,Maize,Western,1.02,36.4,259.1,6.96,2089.1,1718.7,2022-12-18,2023-04-22
GH-01521,Plantain,Northern,3.09,25.4,128.2,6.74,1112.9,5714.2,2022-07-23,2022-03-21
GH-00235,Cocoa,Brong Ahafo,3.18,,263.2,4.68,1159.9,1157.4,2023-08-18,2024-05-10
GH-00793,Yam,Volta,3.07,36.8,137.2,5.52,1392.3,13868.7,2022-07-03,2023-01-22
GH-01914,Plantain,Brong Ahafo,0.89,46.5,280.7,5.26,1221.0,8225.0,2022-06-22,2022-10-24
GH-01148,Rice,Greater Accra,2.85,20.4,297.4,7.0,1267.3,4815.1,2022-10-16,2023-03-08
GH-01757,Maize,Upper West,1.24,11.7,172.4,6.8,1064.1,1776.2,2023-02-24,2023-07-16
GH-01279,,Upper West,0.97,31.9,267.8,5.28,,8748.0,2022-04-29,2023-01-15
GH-00891,Groundnut,Upper East,2.28,9.7,253.3,4.51,949.9,1275.0,2022-08-11,2023-01-06
GH-00685,Maize,Central,2.03,25.6,62.6,6.04,1073.7,2558.6,2023-04-26,2023-08-04
GH-00345,Cassava,Upper West,1.59,37.6,198.2,7.39,972.8,16465.2,2023-05-30,2024-02-05
GH-00100,Yam,Central,1.69,6.5,229.9,5.63,1035.7,9007.9,2023-06-27,2023-12-31
GH-00559,Soybean,Upper East,2.11,18.4,,5.43,1024.3,1183.9,2023-11-25,2024-04-01
GH-00549,Rice,Central,3.1,12.2,206.0,6.4,1310.0,3617.6,2022-12-20,2023-05-01
GH-00008,Yam,Greater Accra,0.81,40.8,180.0,7.14,946.1,7518.7,2023-03-17,2023-09-13
GH-01768,,Greater Accra,,33.3,206.5,5.65,827.4,4333.1,2023-08-02,2023-12-21
GH-01147,Groundnut,Volta,,24.1,,6.05,1124.2,1956.1,2022-11-19,2023-04-12
GH-01626,Groundnut,Greater Accra,0.96,23.3,90.8,5.21,1014.0,2225.1,2022-04-05,2022-07-30
GH-01145,Cocoa,Volta,1.38,28.0,218.5,5.78,1307.4,1028.2,2022-06-04,2023-02-20
GH-00245,Groundnut,Western,0.77,,197.8,5.4,1741.0,1207.7,2023-04-09,2022-11-15
GH-01140,Maize,Upper West,0.68,,191.0,6.68,982.3,2773.9,2023-03-22,2023-08-10
GH-00748,Groundnut,Volta,1.42,32.5,156.2,5.65,1320.3,2473.1,2023-08-28,2023-12-08
GH-01617,Groundnut,Ashanti,0.7,16.0,274.5,7.19,1641.1,2298.1,2023-02-22,2023-06-20
GH-01356,Cocoa,Upper West,3.34,34.3,69.7,6.09,905.9,469.4,2022-03-28,2023-01-02
GH-01514,Maize,Upper West,1.0,31.2,221.2,5.89,1186.2,2408.1,2023-05-30,2023-09-12
GH-00607,Groundnut,Volta,2.06,7.1,70.7,7.13,1304.6,1320.9,2023-01-15,2023-05-18
GH-01402,Cassava,Western,2.58,14.5,123.1,5.81,1829.6,10538.0,2022-01-13,2022-10-02
GH-01874,Plantain,Upper East,1.8,37.7,73.9,5.81,990.8,12667.2,2023-01-27,2023-05-04
GH-00586,Groundnut,Western,0.52,10.4,83.7,5.0,1880.3,1773.7,2023-07-20,2023-12-06
GH-01892,Plantain,Central,1.92,42.7,54.5,6.94,1420.0,6052.9,2023-11-16,2024-03-28
GH-01412,Rice,Ashanti,0.88,31.3,73.1,5.61,1644.4,4173.8,2023-10-20,2024-02-15
GH-00727,Cassava,Northern,1.78,36.9,150.7,7.47,1102.7,19132.5,2022-10-28,2023-12-27
GH-00550,Groundnut,Ashanti,3.25,29.2,206.5,5.76,1360.5,1667.9,2023-04-19,2023-09-03
GH-01683,,Ashanti,0.99,43.2,202.2,6.9,1958.7,8967.6,2023-04-16,2024-01-26
GH-00389,Maize,Brong Ahafo,2.1,38.2,168.1,5.62,1307.0,1730.0,2023-12-22,2024-05-01
GH-00164,Cocoa,Upper West,2.57,41.4,65.8,6.71,955.8,690.7,2023-01-04,2023-11-02
GH-01163,Rice,Volta,3.09,8.5,189.9,6.42,1377.7,3484.8,2023-09-10,2024-02-27
GH-01311,Cassava,Brong Ahafo,1.32,13.2,123.1,7.23,1319.1,14195.9,2022-06-15,2023-05-29
GH-00702,Soybean,Ashanti,1.85,47.1,137.3,6.12,1481.6,2508.6,2022-05-06,2022-08-07
GH-00906,Rice,Eastern,0.88,6.2,292.9,7.35,1412.0,3517.0,2023-12-27,2024-04-08
GH-01649,Maize,Western,,23.7,221.1,6.03,2027.9,1786.8,2022-10-02,2023-01-09
GH-00429,Maize,Northern,1.12,13.7,150.5,7.12,1005.1,2226.3,2022-03-01,2022-05-31
GH-00631,Maize,Greater Accra,0.86,31.0,,6.06,1194.1,3211.1,2023-03-21,2023-07-05
GH-00961,Maize,Ashanti,1.02,30.7,185.6,5.33,1503.2,3294.7,2023-01-29,2023-06-26
GH-01810,Rice,Northern,2.69,28.5,262.7,6.95,1028.0,3297.4,2022-12-30,2023-05-16
GH-00895,,Northern,3.25,22.9,264.7,5.39,1103.4,755.3,2023-07-10,2024-03-30
GH-01390,Maize,Upper West,0.77,,130.8,5.16,1190.3,,2023-04-16,2023-08-17
GH-00953,Yam,Central,2.62,25.0,200.9,6.98,1432.6,,2023-03-10,2023-09-17
GH-01321,Soybean,Brong Ahafo,1.13,43.5,161.7,7.34,1114.4,1602.4,2023-12-01,2024-03-14
GH-01255,Yam,Greater Accra,1.22,48.2,211.4,7.21,965.2,15489.1,2022-08-14,2023-05-20
GH-01711,Yam,Northern,2.87,5.6,298.3,4.64,1049.2,15661.1,2022-05-03,2022-12-23
GH-00746,Rice,ASH,2.12,35.6,257.4,7.15,1632.5,2166.0,2023-07-26,2023-11-24
GH-01158,Maize,Western,0.82,43.6,179.8,6.23,1849.9,2454.6,2023-10-02,2024-01-16
GH-00142,Maize,Upper East,2.43,8.3,272.1,4.86,929.0,4352.6,2023-08-11,2023-11-14
GH-00149,Maize,Northern,3.04,15.5,234.3,4.59,1098.5,3135.7,2023-08-04,2023-11-13
GH-01643,Yam,Ashanti,1.41,22.6,62.3,4.55,1821.7,16597.4,2023-03-09,2023-10-16
GH-00481,Cocoa,Greater Accra,0.85,17.7,280.3,6.07,1052.9,,2023-11-25,2024-08-03
GH-00151,Cassava,Northern,1.33,17.4,158.5,6.78,1124.8,9137.3,2022-07-12,2023-04-25
GH-00440,Cassava,Eastern,3.32,37.0,279.2,5.68,1383.7,17033.5,2023-11-19,2025-03-24
GH-00611,Yam,Greater Accra,1.89,33.3,159.7,6.6,912.9,8637.1,2023-06-23,2024-03-28
GH-00991,Rice,Upper East,1.75,25.9,105.5,6.03,967.0,4716.7,2023-03-03,2023-06-20
GH-01043,Groundnut,Ashanti,2.33,28.6,189.3,6.91,1877.0,1177.3,2023-12-24,2024-04-02
GH-00751,Soybean,Greater Accra,1.66,6.1,,7.14,1000.2,1531.5,2022-09-22,2023-02-08
GH-01638,Yam,Greater Accra,2.09,22.3,77.8,5.86,822.4,,2022-10-03,2023-04-11
GH-01584,Soybean,Central,1.45,37.5,267.1,5.84,1276.8,2792.0,2022-10-11,2023-03-09
GH-00135,Groundnut,Brong Ahafo,0.68,38.0,51.0,4.96,1107.5,1465.3,2022-12-22,2023-05-02
GH-00908,Cassava,Greater Accra,1.15,18.3,248.1,6.14,1212.2,15763.1,2023-06-25,2024-12-10
GH-00417,Yam,Eastern,1.07,10.4,201.7,6.48,1447.6,10976.8,2022-11-30,2023-06-21
GH-00583,Cocoa,Ashanti,2.98,23.1,149.4,4.53,1381.0,1168.9,2023-04-03,2023-10-25
GH-00937,Plantain,Volta,2.39,50.0,87.2,5.18,1313.2,14692.9,2023-04-10,2023-07-23
GH-00012,Groundnut,Brong Ahafo,2.28,34.6,274.9,5.96,1107.3,2390.9,2023-07-25,2023-10-29
GH-01225,Maize,Volta,2.88,26.7,,6.66,1172.1,2663.7,2023-11-27,2024-04-16
GH-01449,Plantain,Upper West,1.84,25.4,236.0,5.91,1083.1,6000.4,2023-02-27,2023-06-04
GH-00962,Maize,Upper East,3.13,47.0,108.3,6.02,998.1,3357.4,2022-12-02,2023-04-28
GH-00364,Rice,Eastern,0.66,14.9,177.2,6.85,1580.5,3357.3,2022-02-10,2022-05-24
GH-01958,Cassava,Central,2.62,16.6,91.8,6.45,1495.9,19803.9,2022-08-08,2023-06-03
GH-01801,Groundnut,Eastern,1.85,43.2,,5.7,1618.5,1829.6,2022-07-20,2022-12-08
GH-01182,Soybean,Northern,2.07,9.3,237.4,4.6,1024.0,2255.0,2023-12-24,2024-03-26
GH-01144,Groundnut,Upper West,1.03,24.4,90.6,6.8,1037.6,1916.6,2023-02-10,2023-05-11
GH-01582,Rice,Eastern,1.46,30.7,83.5,5.91,1506.7,4487.1,2023-08-08,2023-12-01
GH-00169,Groundnut,Ashanti,1.75,44.9,186.0,6.27,1445.4,1270.3,2022-12-03,2023-04-17
GH-00227,Yam,Greater Accra,0.64,47.9,242.6,7.4,841.2,9497.3,2022-06-24,2023-02-14
GH-01651,Cassava,Upper East,2.87,13.4,217.0,6.75,,16116.8,2023-09-09,2024-12-27
GH-00799,Maize,Western,1.81,34.7,234.7,5.36,1880.5,3672.0,2023-07-03,2023-11-08
GH-00822,Cocoa,Western,1.44,7.2,98.2,4.92,1856.7,961.8,2023-08-18,2024-04-28
GH-00466,Groundnut,Central,2.59,22.5,120.9,6.94,1136.0,1061.8,2023-01-26,2023-05-17
GH-01558,Cassava,Brong Ahafo,2.16,27.7,76.4,5.97,1341.0,17235.4,2023-06-07,2024-03-19
GH-00666,Yam,Greater Accra,3.35,12.1,254.3,5.8,1052.0,8335.6,2023-02-04,2023-11-07
GH-01548,,Eastern,1.88,10.3,187.8,5.61,1354.5,1667.4,2023-06-09,2023-10-03
GH-01354,Plantain,Upper East,1.2,,136.4,6.21,931.3,13507.1,2023-12-25,2024-04-15
GH-01922,Yam,Ashanti,2.43,,115.9,7.08,1904.3,16917.7,2023-04-22,2023-11-03
GH-01352,Soybean,Greater Accra,1.51,49.9,247.4,7.24,947.1,1620.0,2023-09-14,2023-12-27
GH-01505,Groundnut,Volta,2.83,41.9,251.8,6.32,1047.5,1428.9,2023-03-25,2023-08-05
GH-00979,Soybean,Central,3.32,28.1,153.0,5.56,1452.2,2180.0,2022-07-17,2022-11-02
GH-01149,Cassava,Central,,13.3,144.3,6.48,1019.2,15660.5,2022-09-15,2023-08-11
GH-00159,Maize,Brong Ahafo,1.51,39.8,290.7,5.58,1325.7,3879.9,2023-03-30,2023-08-04
GH-00903,Plantain,Volta,,29.6,288.2,5.89,1183.4,14273.3,2022-11-12,2023-03-23
GH-01849,Maize,Greater Accra,2.72,11.5,196.9,5.3,864.5,2321.5,2022-01-17,2022-05-04
GH-01330,Yam,Upper West,3.49,26.6,208.4,6.24,1035.1,17577.0,2023-02-03,2023-10-08
GH-01351,Cocoa,Volta,0.98,17.1,298.0,4.9,1039.4,1167.2,2023-03-21,2023-10-09
GH-01247,Plantain,Central,1.44,6.3,82.9,6.97,1213.2,8781.4,2023-11-23,2024-04-17
GH-01077,Plantain,Greater Accra,2.82,5.9,293.6,6.45,1266.3,14260.6,2022-07-12,2022-11-13
GH-00623,Groundnut,Western,2.1,46.6,52.8,6.87,2059.1,2094.6,2023-07-06,2023-10-25
GH-00701,Rice,Brong Ahafo,3.45,23.6,213.3,4.55,,3138.3,2023-07-07,2023-10-06
GH-00148,Cassava,Central,3.19,9.9,263.4,6.7,1039.6,12404.9,2023-08-29,2024-09-18
GH-01832,Yam,Greater Accra,0.65,40.3,50.4,7.04,,11794.5,2022-02-23,2022-08-26
GH-00561,Cocoa,Brong Ahafo,2.85,12.0,129.6,5.13,1327.1,824.2,2022-06-07,2023-01-13
GH-01164,Plantain,Upper West,2.97,30.8,53.6,7.32,1055.2,13192.7,2022-07-21,2022-10-30
GH-00167,Soybean,Volta,1.19,17.6,66.1,5.26,1295.9,1977.2,2022-10-29,2023-02-05
GH-00241,Rice,Ashanti,1.98,14.9,76.5,5.38,1675.2,4064.3,2023-09-07,2024-01-05
GH-00576,Plantain,Northern,3.27,41.4,136.6,4.59,1031.6,13334.1,2022-02-15,2022-06-03
GH-00663,Yam,Central,,37.7,281.2,5.29,1199.9,7544.9,2022-09-21,2023-05-01
GH-00284,Groundnut,Brong Ahafo,1.39,37.1,57.4,6.95,1124.4,1303.4,2023-03-18,2023-07-11
GH-00408,Soybean,Eastern,3.31,14.3,222.5,7.06,1361.2,,2022-05-23,2022-09-30
GH-01762,Groundnut,Greater Accra,1.94,46.4,167.6,6.81,1169.3,1554.3,2023-10-06,2024-02-06
GH-00854,Cassava,Greater Accra,3.35,9.0,98.8,6.88,1186.7,15771.0,2023-01-20,2024-06-13
GH-00124,Groundnut,Greater Accra,2.14,5.1,197.8,6.97,1245.8,2223.4,2023-02-10,2023-06-06
GH-01316,Cocoa,Ashanti,2.99,47.0,233.1,4.88,1791.4,558.5,2023-03-07,2023-09-07
GH-00795,Maize,Greater Accra,1.79,44.3,70.0,6.24,1084.7,2598.0,2022-06-09,2022-01-12
GH-01347,Cassava,Eastern,2.57,21.5,102.4,7.01,1380.6,12285.9,2022-10-05,2024-01-30
GH-00359,Maize,Upper East,0.87,31.3,271.9,7.13,1089.2,1861.7,2022-02-17,2022-05-27
GH-00562,Cassava,Brong Ahafo,1.76,21.8,232.7,5.45,1114.3,11168.3,2023-04-26,2024-10-16
GH-00248,Maize,Brong Ahafo,1.83,36.5,178.6,4.75,1265.0,3858.9,2022-02-15,2022-06-04
GH-00289,Maize,Central,1.39,28.3,51.2,5.57,1296.5,1715.7,2023-10-08,2024-01-16
GH-01102,Rice,Volta,0.62,12.4,274.4,4.84,1071.9,,2023-05-10,2023-09-09
GH-00385,Yam,Western,0.79,21.1,177.2,6.78,1955.3,8060.8,2022-07-06,2023-03-31
GH-01754,Groundnut,Ashanti,1.9,50.0,159.1,6.09,1937.1,1983.8,2023-02-24,2023-06-27
GH-00968,Plantain,Brong Ahafo,1.59,32.1,123.2,6.48,1113.9,9839.0,2023-04-23,2023-08-25
GH-00784,Cocoa,Northern,2.74,13.4,,4.59,1057.5,668.6,2022-01-14,2022-09-07
GH-01268,Cocoa,Brong Ahafo,3.39,38.6,150.6,7.43,1275.4,603.1,2022-04-16,2023-01-24
GH-01980,Rice,Greater Accra,2.54,42.2,117.0,5.85,967.3,2430.1,2023-07-03,2023-10-26
GH-01443,Cocoa,Brong Ahafo,2.79,22.3,183.4,7.1,1162.7,412.1,2022-09-13,2023-03-20
GH-01871,Groundnut,Ashanti,0.53,21.0,127.2,5.04,1511.5,1864.1,2023-08-08,2023-12-31
GH-00236,Cocoa,Brong Ahafo,0.5,23.5,146.9,6.47,1118.0,462.4,2022-05-21,2022-12-11
GH-00231,Plantain,Ashanti,2.92,36.5,179.4,5.66,1507.3,6488.6,2023-11-25,2024-04-14
GH-01736,Soybean,Upper East,1.55,22.4,157.2,5.56,925.7,2332.8,2022-10-28,2023-02-18
GH-00904,Groundnut,Western,2.9,37.2,151.2,6.35,1918.2,1994.8,2022-12-06,2023-04-03
GH-00902,Cocoa,Ashanti,2.55,12.8,266.8,4.72,1333.7,1051.9,2022-05-20,2022-12-02
GH-01172,Cassava,Northern,2.4,44.4,260.1,6.77,,8322.2,2022-09-16,2023-07-29
GH-01265,Plantain,Upper East,1.46,28.6,122.5,5.6,1065.6,12530.1,2023-09-23,2024-01-02
GH-01861,Plantain,Ashanti,3.17,,99.5,4.93,,11020.5,2023-10-16,2024-03-07
GH-01266,Cassava,Volta,1.81,14.0,53.6,6.18,1283.0,18964.8,2024-10-30,2023-07-23
GH-00514,Plantain,Brong Ahafo,2.14,,231.0,5.3,1255.8,5320.6,2023-08-29,2023-12-07
GH-01640,Rice,Upper East,3.27,12.2,,4.75,1021.0,3748.2,2022-07-05,2022-11-06
GH-01478,,Western,2.8,25.1,132.8,5.51,1786.0,1000.4,2022-02-23,2022-05-31
GH-01887,Rice,Eastern,1.45,23.3,154.9,5.74,1257.9,2144.6,2023-05-15,2023-09-06
GH-00186,Yam,Upper East,0.91,24.3,188.1,5.46,996.4,13533.6,2022-09-02,2023-03-31
GH-01415,Rice,Volta,2.25,10.4,218.2,6.61,1371.1,4794.9,2022-03-30,2022-08-01
GH-00718,Cocoa,Brong Ahafo,1.64,46.9,51.3,7.21,1142.8,582.2,2022-12-13,2023-07-09
GH-00788,Soybean,Eastern,1.29,13.3,,6.34,1612.4,1889.3,2022-08-27,2023-01-13
GH-00674,Plantain,Central,2.64,32.7,273.9,5.16,1266.4,9323.8,2022-04-25,2022-08-13
GH-00271,Plantain,Upper West,,32.9,128.7,5.1,961.5,12299.1,2022-11-29,2023-03-12
GH-00692,Plantain,Northern,0.55,28.5,287.5,5.9,1007.1,10648.5,2023-03-15,2023-07-08
GH-00521,Soybean,Western,3.23,18.1,131.7,5.71,1742.0,1353.6,2023-06-20,2023-10-08
GH-00175,Soybean,Central,2.36,19.7,177.8,7.04,1247.9,2055.9,2022-09-07,2023-01-11
GH-00592,Soybean,Volta,0.73,9.5,86.2,5.43,1367.6,1709.8,2022-12-22,2023-05-19
GH-00508,Cassava,Northern,3.08,20.8,97.8,5.07,1145.4,12499.9,2023-08-04,2024-07-10
GH-01927,Yam,Volta,1.45,48.2,215.3,4.77,1358.5,10496.5,2022-12-06,2023-07-21
GH-01465,Cassava,Ashanti,2.46,31.5,80.7,6.68,1409.3,9754.7,2022-02-26,2023-02-12
GH-00475,Cassava,Ashanti,2.52,33.1,53.4,5.3,1518.0,14354.9,2022-03-16,2022-12-20
GH-00711,Groundnut,Upper East,2.33,16.3,228.5,5.98,1089.0,1101.2,2022-01-18,2022-05-02
GH-00936,Maize,Volta,1.12,24.4,259.0,4.97,1047.8,1893.5,2022-08-28,2023-01-02
GH-00617,,Volta,2.67,17.3,67.8,4.51,1110.0,3394.7,2023-02-17,2023-07-04
GH-01248,Plantain,Upper West,1.25,34.0,220.1,6.54,1058.0,5255.2,2023-09-21,2024-01-12
GH-00495,Yam,Upper East,3.32,23.1,,4.6,1048.3,9036.0,2022-09-28,2023-05-16
GH-00122,Yam,Volta,3.14,43.1,110.9,5.28,,12300.8,2022-07-18,2023-03-14
GH-01367,Cassava,Northern,2.69,28.4,295.5,7.07,1088.4,19696.8,2023-02-01,2024-05-23
GH-00774,Cocoa,Upper East,1.34,5.6,223.5,5.83,,870.8,2023-01-27,2023-11-02
GH-00317,Cassava,Upper East,,44.4,281.8,6.92,958.8,,2023-10-14,2024-07-21
GH-01310,Cocoa,Central,2.14,25.6,127.4,7.39,,817.8,2022-04-23,2023-01-20
GH-00499,Maize,Ashanti,2.72,29.6,127.4,4.86,1652.5,1884.1,2022-08-27,2023-01-21
GH-01829,Plantain,Northern,0.84,9.6,245.8,5.38,1085.6,6832.3,2022-05-20,2022-10-06
GH-01197,Rice,Eastern,2.85,15.7,200.9,4.61,1616.4,4981.1,2022-03-08,2022-07-09
GH-00423,Plantain,Brong Ahafo,1.24,36.7,273.5,5.38,1109.3,7465.2,2023-01-31,2023-05-26
GH-00434,Soybean,Central,0.85,40.6,52.4,4.62,1244.6,2223.5,2023-07-09,2023-11-13
GH-00375,Maize,Brong Ahafo,1.95,18.5,68.9,6.54,1216.8,1840.8,2022-07-28,2022-12-08
GH-00876,Cassava,Brong Ahafo,0.57,15.5,127.1,4.86,1146.3,19996.0,2023-03-19,2024-06-18
GH-01213,Rice,Volta,0.85,28.2,261.1,4.55,1280.9,3583.7,2023-08-19,2023-12-18
GH-00188,Groundnut,Upper West,,,118.6,5.81,1008.2,831.1,2023-01-08,2023-05-31
GH-01106,Cocoa,Central,1.08,7.5,58.4,6.02,1492.2,1092.1,2023-09-08,2024-04-10
GH-01025,Soybean,Ashanti,0.58,16.4,219.1,5.34,1864.3,1253.6,2022-06-06,2022-09-27
GH-01532,Rice,Central,2.24,10.2,259.7,4.55,1289.3,2648.8,2023-05-14,2023-01-28
GH-00847,Rice,Brong Ahafo,1.91,35.5,238.4,4.71,1387.9,3131.1,2022-03-07,2022-07-18
GH-01173,Cassava,Northern,2.25,,212.0,5.3,1143.4,16495.6,2022-02-24,2023-08-13
GH-01556,Yam,Ashanti,0.54,12.8,99.2,5.93,1942.5,8970.7,2023-04-17,2024-02-02
GH-00504,Soybean,Volta,1.48,32.8,291.9,6.81,1397.1,1633.8,2022-10-16,2023-02-07
GH-01960,Cassava,Western,2.92,17.8,190.8,5.63,1881.0,13311.3,2023-12-31,2025-04-10
GH-00624,Rice,Western,2.87,15.4,187.2,6.4,,4088.7,2023-12-06,2024-04-16
GH-01388,Cocoa,Central,1.28,27.6,127.4,7.36,1200.8,840.2,2022-07-14,2023-01-19
GH-01906,Rice,Brong Ahafo,1.05,49.3,202.2,4.7,1191.8,2044.9,2022-12-31,2023-05-23
GH-00616,Cassava,Brong Ahafo,1.73,34.4,268.0,6.89,1111.5,18133.1,2023-07-22,2024-05-24
GH-00433,Yam,Brong Ahafo,2.7,,50.7,4.88,1312.0,7350.7,2022-01-01,2022-10-20
GH-00729,Yam,Upper West,2.06,41.9,253.4,4.72,1112.1,9949.4,2022-01-26,2022-09-08
GH-00021,Plantain,Upper West,0.89,26.9,197.5,6.78,963.7,13264.1,2023-09-10,2023-12-22
GH-00612,Rice,Volta,1.74,33.8,240.1,7.28,,3950.3,2022-03-16,2022-07-27
GH-01680,Rice,Central,0.83,39.9,90.9,6.25,1442.4,3518.7,2023-10-01,2024-02-01
GH-00548,,Central,1.5,41.1,61.6,5.01,1042.1,957.3,2023-12-31,2024-07-30
GH-00210,Yam,Brong Ahafo,3.4,10.3,254.5,5.35,1119.2,13113.3,2022-05-06,2022-11-30
GH-01945,Yam,Brong Ahafo,2.82,48.7,,6.98,1299.6,13844.6,2022-09-02,2023-03-29
GH-01519,,Northern,0.88,46.2,132.8,5.26,1035.5,435.4,2022-03-25,2022-10-20
GH-01296,Rice,Volta,0.63,37.4,118.8,7.47,1177.6,4050.1,2022-08-20,2022-12-18
GH-01595,Cocoa,Greater Accra,2.91,9.5,83.8,4.56,880.7,502.9,2022-07-27,2023-02-11
GH-01477,Groundnut,Central,3.33,,67.3,4.76,1122.9,1832.5,2022-07-04,2022-11-04
GH-00370,Groundnut,Greater Accra,2.79,9.8,222.8,6.91,873.3,1801.9,2023-10-19,2024-01-18
GH-00361,Cocoa,Central,3.05,32.9,153.4,6.19,1081.3,980.7,2023-05-14,2023-12-21
GH-00278,Plantain,Brong Ahafo,2.79,34.6,132.2,7.25,1323.3,14655.2,2023-06-17,2023-09-17
GH-01586,Rice,Northern,3.08,27.5,50.5,6.12,1077.8,4936.8,2022-05-12,2022-08-14
GH-00380,Maize,Upper West,2.85,35.0,91.9,6.58,1168.1,,2022-02-22,2022-06-02
GH-01528,Maize,Western,2.32,42.7,57.2,4.55,1700.5,1900.2,2022-09-01,2022-12-13
GH-00757,Rice,Northern,2.67,48.0,90.5,6.97,,4562.7,2022-07-22,2022-11-26
GH-00444,Soybean,Western,,10.5,116.5,7.45,2081.1,1985.0,2023-05-15,2023-09-07
GH-01299,Yam,Ashanti,1.83,14.8,170.8,6.88,1430.6,15128.2,2022-01-23,2022-09-13
GH-00697,Groundnut,Brong Ahafo,1.05,8.6,66.1,6.22,1167.2,1884.9,2022-03-29,2022-08-24
GH-01988,Cocoa,Greater Accra,0.95,27.6,54.7,6.53,1225.3,1192.3,2022-10-20,2023-04-18
GH-01073,Rice,Western,2.76,35.3,153.8,5.68,1546.2,4233.9,2023-12-13,2024-03-27
GH-01423,Cassava,Northern,0.87,41.7,230.7,7.4,1137.3,13310.8,2022-04-10,2023-02-17
GH-00096,Plantain,Volta,1.3,28.7,153.8,6.87,1051.3,14873.1,2023-06-16,2023-09-27
GH-01188,Maize,Brong Ahafo,1.26,7.1,121.7,4.66,,3805.6,2022-08-14,2022-11-14
GH-01046,Cassava,Western,,49.9,61.6,6.5,1802.8,,2022-05-14,2023-11-01
GH-01393,Soybean,Brong Ahafo,2.38,32.0,214.9,5.47,1105.7,2187.5,2022-03-02,2022-07-28
GH-00067,Cocoa,Western,2.89,40.7,147.0,7.2,1807.5,748.1,2022-04-22,2023-02-02
GH-00713,Maize,Upper East,1.62,45.9,150.6,5.69,994.7,1560.1,2022-02-04,2022-06-04
GH-00593,Yam,Northern,3.12,24.3,113.7,7.45,1102.9,17837.8,2022-12-22,2023-09-27
GH-01943,Plantain,Central,1.03,37.2,233.5,6.28,1024.7,8348.6,2023-11-25,2024-04-12
GH-01594,Cocoa,Eastern,1.27,9.2,54.9,5.06,1703.1,414.6,2023-06-16,2024-03-05
GH-01561,Cassava,Volta,2.95,38.6,267.5,5.6,1207.8,,2022-10-01,2023-11-29
GH-00143,Cocoa,Upper East,2.18,38.5,160.5,5.78,998.4,466.8,2022-03-15,2022-10-11
GH-01803,Cassava,Volta,3.45,46.3,251.8,6.38,1104.2,10910.5,2023-04-06,2024-06-03
GH-00029,Soybean,Northern,3.31,43.4,,7.0,1059.5,1173.8,2022-05-20,2022-09-29
GH-01753,Rice,Ashanti,3.31,17.1,74.5,5.98,1288.8,4535.9,2022-05-03,2022-09-27
GH-01688,Maize,Brong Ahafo,1.14,22.3,252.6,6.5,,3211.0,2022-05-30,2022-10-14
GH-01827,Plantain,Northern,2.15,20.1,277.0,6.74,1099.9,,2022-05-06,2022-09-05
GH-00193,Maize,Upper West,1.99,38.2,191.1,4.84,1158.8,3573.2,2023-10-09,2024-01-25
GH-01064,Yam,Western,1.9,,262.5,5.31,1728.4,16234.0,2022-06-17,2023-02-06
GH-01842,Plantain,Ashanti,3.03,47.9,231.9,5.8,1984.5,8563.0,2023-12-22,2024-04-17
GH-00809,Plantain,Brong Ahafo,2.9,36.1,196.3,4.54,1354.3,10655.0,2022-02-22,2022-06-16
GH-01920,Maize,Western,0.88,33.4,,5.47,1969.8,2162.5,2023-08-02,2023-12-29
GH-01653,Rice,Northern,2.24,9.1,147.7,7.02,1001.4,3539.6,2023-02-24,2023-07-22
GH-01475,Soybean,Eastern,0.96,9.8,82.5,7.47,1284.1,1495.5,2022-02-25,2022-07-24
GH-00747,Cassava,Brong Ahafo,2.77,30.7,137.5,5.92,1315.7,17718.5,2022-02-23,2023-03-12
GH-01099,Plantain,Upper West,1.38,27.2,81.7,5.12,913.5,9726.1,2022-09-16,2022-12-24
GH-01035,Maize,Volta,1.2,38.9,60.2,7.03,1112.6,3179.4,2022-11-30,2023-04-01
GH-00787,Groundnut,Volta,1.89,11.5,260.3,6.65,1007.4,935.1,2022-12-30,2023-04-13
GH-00023,Rice,Greater Accra,3.1,46.7,100.2,6.43,,4622.3,2022-09-25,2023-01-23
GH-00111,Soybean,Northern,1.05,41.8,116.8,7.09,1048.9,1857.4,2023-12-07,2024-05-02
GH-01377,Cocoa,Central,2.11,48.6,54.7,7.3,,995.3,2023-01-26,2023-11-07
GH-01666,Plantain,Upper East,3.46,28.4,,6.04,948.4,14013.2,2023-12-27,2024-05-24
GH-00680,Rice,Ashanti,3.12,5.4,215.0,7.43,,4796.9,2022-06-22,2022-10-15
GH-01118,Yam,Eastern,1.81,13.6,195.5,4.94,1442.0,9737.9,2022-08-21,2023-04-09
GH-00347,Cassava,Brong Ahafo,2.4,42.5,51.2,5.44,1389.8,16180.1,2022-09-30,2023-11-23
GH-00832,Yam,Greater Accra,1.74,,63.8,6.18,1118.4,8459.8,2023-10-02,2024-06-11
GH-00599,Cocoa,Greater Accra,1.62,6.5,271.7,5.12,880.6,464.8,2023-11-28,2024-06-17
GH-00535,Cassava,Accra,1.65,9.6,277.9,6.11,1205.7,12519.7,2023-12-28,2025-03-12
GH-01382,Cocoa,Eastern,1.08,22.0,54.6,5.68,1597.6,432.2,2022-06-23,2023-03-27
GH-00605,,Upper East,2.99,48.0,209.0,7.13,1024.2,1789.0,2023-05-14,2023-09-01
GH-00325,Plantain,Greater Accra,2.95,27.6,266.5,7.09,1256.1,11456.0,2023-01-11,2023-06-07
GH-01659,Maize,Volta,0.68,22.5,299.0,6.5,,2399.1,2022-07-02,2022-11-06
GH-01571,Rice,Ashanti,1.67,14.2,251.4,5.71,1251.0,2040.7,2022-09-12,2023-01-22
GH-01994,Maize,Volta,1.78,21.0,127.4,5.95,1093.5,4042.9,2023-01-18,2023-04-28
GH-00816,Yam,Northern,3.38,10.4,138.9,4.66,1014.9,15452.4,2023-07-11,2024-03-06
GH-00206,Yam,Ashanti,,5.9,207.0,5.52,1644.3,11680.2,2022-05-03,2022-12-08
GH-00814,Cocoa,Upper East,1.41,12.8,72.4,4.76,959.4,1161.2,2023-02-18,2023-08-31
GH-00527,Cassava,Upper West,1.56,10.1,246.1,7.14,1093.9,,2023-01-15,2024-06-30
GH-01014,Cassava,Central,2.18,27.2,200.6,7.08,1419.2,18629.0,2023-04-20,2024-07-03
GH-00118,Plantain,Upper West,2.21,46.9,82.6,6.73,1169.4,5924.2,2022-12-10,2023-03-10
GH-01012,Yam,Volta,2.31,48.8,270.2,5.23,1051.4,8962.2,2023-09-15,2024-03-20
GH-01684,Maize,Upper West,2.53,29.4,94.8,6.25,1093.9,2194.6,2022-07-20,2022-11-11
GH-00969,Plantain,Ashanti,1.07,34.4,148.1,6.63,1333.2,13140.5,2022-10-02,2023-02-22
GH-01454,Cassava,Brong Ahafo,0.57,26.4,159.8,7.18,1132.5,,2022-06-18,2023-04-11
GH-00804,Maize,Brong Ahafo,2.62,37.3,125.3,5.69,1364.9,2732.0,2023-05-14,2023-09-19
GH-00367,Plantain,Eastern,2.5,26.8,283.3,6.46,1698.5,6806.3,2023-01-06,2023-05-16
GH-01908,Maize,Central,1.75,6.6,216.3,4.69,1352.7,2346.2,2023-02-13,2023-06-27
GH-00115,Groundnut,Upper West,2.72,11.2,174.5,6.02,995.0,1338.1,2022-08-03,2022-11-18
GH-00728,Cassava,Eastern,2.14,31.4,102.0,5.89,1259.5,12170.3,2023-01-07,2024-05-21
GH-00570,Groundnut,Upper East,0.58,43.1,206.0,5.33,1016.1,1712.9,2022-08-13,2023-01-07
GH-01407,,Greater Accra,3.23,14.6,297.8,7.24,,3795.4,2022-09-21,2023-01-06
GH-00907,Rice,Eastern,1.1,25.2,119.1,7.44,1507.0,2097.0,2023-06-12,2023-11-06
GH-00334,Cassava,Ashanti,2.13,26.9,,4.82,1442.0,14780.0,2023-01-06,2022-04-29
GH-00945,,Eastern,1.01,46.0,268.7,5.13,1476.0,9216.1,2023-08-28,2024-04-18
GH-00640,Soybean,Eastern,1.51,47.0,85.7,4.96,1480.7,2163.9,2022-06-10,2022-10-26
GH-00436,Soybean,Ashanti,2.86,26.7,114.8,5.23,1261.8,1856.0,2022-06-17,2022-10-04
GH-01181,Plantain,Eastern,3.12,25.6,207.6,5.27,1271.2,,2022-08-18,2023-01-11
GH-01408,Yam,Greater Accra,2.14,32.4,75.5,6.75,830.8,8420.1,2022-03-24,2023-01-07
GH-01979,Cassava,Upper East,2.04,48.9,299.8,5.31,932.4,13198.1,2023-07-08,2024-06-05
GH-01249,Rice,Greater Accra,2.46,17.5,260.6,6.87,963.5,4181.8,2022-09-23,2022-12-23
GH-00709,Soybean,Western,0.71,,68.0,5.04,1669.4,1472.3,2023-01-02,2023-04-28
GH-01385,Maize,Central,0.99,23.0,203.9,6.24,1075.7,2690.3,2022-08-08,2022-12-18
GH-01087,Maize,Volta,1.13,26.8,188.9,7.24,1299.4,3102.7,2022-02-07,2022-05-29
GH-01620,Yam,Northern,3.3,17.1,76.5,6.6,1019.2,7644.0,2022-11-07,2023-07-15
GH-00266,Rice,Northern,1.17,46.6,268.2,7.01,1017.4,4917.7,2022-05-18,2022-08-25
GH-00572,Cassava,Brong Ahafo,1.34,47.8,239.1,5.55,1119.5,8702.0,2023-10-05,2024-07-27
GH-00932,Cocoa,Ashanti,1.0,44.0,261.5,5.02,1682.4,447.7,2022-03-04,2022-10-16
GH-00796,Groundnut,Greater Accra,1.1,16.0,95.8,6.66,939.6,1487.7,2022-06-15,2022-09-22
GH-00435,Cocoa,Volta,2.84,41.5,252.2,5.34,1076.4,608.2,2022-11-07,2023-08-16
GH-01341,Groundnut,Ashanti,2.83,41.0,137.8,6.36,1638.4,1853.5,2022-05-10,2022-08-16
GH-01105,Plantain,Eastern,2.46,45.8,75.0,5.1,1484.1,5729.8,2023-11-22,2024-04-03
GH-00619,Groundnut,Western,1.97,27.0,245.4,6.29,1676.3,1626.8,2023-03-25,2023-07-08
GH-01192,Cassava,Greater Accra,1.58,5.3,175.1,4.6,1106.7,19153.9,2023-12-29,2025-04-19
GH-01233,Yam,Northern,2.2,31.2,148.1,5.59,1131.6,16698.5,2023-07-08,2024-01-23
GH-00875,Rice,Greater Accra,2.56,13.2,134.0,6.68,1188.4,3396.9,2023-11-02,2024-03-17
GH-00331,Maize,Brong Ahafo,1.72,14.7,145.6,6.28,1377.0,1535.6,2022-12-20,2023-03-20
GH-01730,Plantain,Volta,2.35,35.1,218.1,4.68,1109.0,6232.9,2022-07-10,2022-11-27
GH-01204,Rice,Eastern,2.74,38.0,,5.21,1640.1,3784.6,2022-08-09,2022-12-18
GH-00963,Plantain,Ashanti,1.83,43.6,193.4,6.86,1487.7,5336.1,2022-03-04,2022-07-02
GH-00349,Soybean,Upper West,2.18,40.6,122.6,5.3,1184.8,,2022-09-20,2023-02-10
GH-01976,Maize,Volta,1.57,,93.7,5.88,1197.9,4151.4,2023-12-11,2024-03-28
GH-00998,Cocoa,Ashanti,2.04,46.1,299.4,6.62,,524.9,2022-03-28,2022-11-03
GH-01558,Cassava,Brong Ahafo,2.16,27.7,76.4,5.97,1341.0,17235.4,2023-06-07,2024-03-19
GH-01847,Soybean,Volta,1.97,34.6,185.7,5.53,1061.5,2505.5,2023-10-31,2024-02-19
GH-01251,Groundnut,Northern,1.5,20.5,266.6,4.75,1004.6,1012.5,2023-04-07,2023-10-23
GH-01632,Cassava,Upper West,3.22,8.2,240.4,6.32,977.1,16258.0,2023-06-11,2024-04-20
GH-01485,Groundnut,Volta,3.33,35.3,140.4,4.56,1234.5,1868.7,2023-12-24,2024-04-06
GH-00753,Rice,Brong Ahafo,1.06,36.0,,5.69,1279.0,3092.2,2022-01-08,2022-11-11
GH-01264,Groundnut,Upper West,0.64,24.6,152.3,5.7,,2184.3,2022-09-06,2023-01-03
GH-00809,Plantain,Brong Ahafo,2.9,36.1,196.3,4.54,1354.3,10655.0,2022-02-22,2022-06-16
GH-01878,Rice,Northern,1.41,29.6,277.0,5.13,1101.7,3545.2,2023-11-03,2024-02-28
GH-00960,Groundnut,Upper West,0.51,27.8,218.9,6.43,966.8,1040.9,2023-10-07,2024-02-21
GH-01081,Cassava,Eastern,2.59,14.4,180.7,6.04,1307.9,15467.8,2023-10-15,2024-10-10
GH-01218,Rice,Northern,2.22,5.8,164.9,5.38,,4549.3,2023-01-09,2023-04-24
GH-01764,Groundnut,Central,2.96,14.4,299.9,6.72,1391.6,868.5,2023-04-14,2023-08-26
GH-01323,Yam,Upper West,2.96,33.4,210.9,7.22,972.9,17209.8,2022-11-19,2023-06-04
GH-00715,Soybean,Northern,0.64,26.9,160.5,5.54,1110.5,2221.9,2023-12-26,2024-05-16
GH-00328,Groundnut,Ashanti,0.88,7.5,269.5,6.01,1610.8,1222.5,2023-08-08,2023-11-26
GH-01000,Cassava,Eastern,1.71,34.8,252.6,7.24,1382.9,16201.0,2023-03-16,2024-07-07
GH-01987,Rice,Central,3.16,44.3,76.5,4.53,1421.0,3920.8,2023-10-19,2024-03-08
GH-00759,Maize,Greater Accra,2.17,44.7,69.0,6.62,799.1,1894.6,2022-02-27,2022-07-05
GH-00554,Cocoa,Ashanti,1.73,19.2,126.5,6.85,1859.2,1139.7,2022-08-27,2023-06-05
GH-00425,Soybean,Greater Accra,0.75,38.2,235.0,6.88,814.2,2461.0,2023-06-14,2023-10-07
GH-01439,Soybean,Brong Ahafo,2.01,17.3,262.8,7.38,1114.6,1754.8,2022-05-18,2022-09-01
GH-00919,Cocoa,Volta,3.18,32.9,172.1,5.16,1069.6,807.1,2023-04-28,2023-10-28
GH-01903,Maize,Upper West,3.24,28.6,55.6,6.3,1053.5,3755.0,2023-07-29,2023-11-06
GH-00563,Groundnut,Greater Accra,2.0,14.4,121.9,5.22,1250.4,1892.7,2022-03-17,2022-07-19
GH-01503,Plantain,Greater Accra,3.03,35.7,78.4,5.31,813.9,9349.5,2022-10-08,2023-01-08
GH-01747,Cocoa,Central,1.82,33.6,56.7,5.87,1472.7,1046.2,2022-08-28,2023-05-12
GH-00263,Yam,Volta,3.37,38.6,207.3,4.81,1222.7,13844.2,2022-02-04,2022-11-20
GH-00858,Cassava,Greater Accra,0.83,37.5,,5.56,996.8,15424.2,2022-10-04,2023-06-28
GH-00467,Soybean,Eastern,1.87,18.0,159.1,6.73,1610.3,2273.4,2023-06-04,2023-09-22
GH-01900,Rice,Greater Accra,0.89,45.1,133.3,6.03,933.6,4031.5,2023-07-11,2023-12-04
GH-01631,Groundnut,Ashanti,0.72,48.0,,6.52,1600.0,1972.6,2023-09-08,2024-01-01
GH-00342,Cocoa,Brong Ahafo,1.31,18.5,145.7,6.56,1357.5,451.9,2022-07-06,2023-02-28
GH-01791,Yam,Northern,0.84,49.6,225.8,4.93,1123.6,17044.5,2023-04-26,2023-11-30
GH-00274,Soybean,Northern,1.79,29.8,116.0,6.41,1070.8,1765.9,2022-10-06,2023-02-06
GH-00679,Rice,Central,1.9,14.1,67.9,6.93,1433.4,4550.6,2022-06-09,2022-10-09
GH-01396,Plantain,Northern,1.5,45.6,278.3,7.34,1125.7,7014.2,2022-05-31,2022-10-23
GH-01432,Yam,Upper East,2.47,9.6,244.1,6.24,975.3,11561.7,2023-06-15,2023-12-29
GH-00454,Plantain,Brong Ahafo,2.32,37.8,161.9,7.28,1330.2,6505.4,2023-09-01,2024-01-08
GH-01193,Yam,Ashanti,0.78,41.2,219.7,4.5,1421.3,15079.2,2022-05-12,2023-01-02
GH-01644,Rice,Upper East,3.4,35.0,51.3,5.59,907.8,3398.4,2023-07-23,2023-11-12
GH-00866,Maize,Brong Ahafo,2.74,18.6,,5.84,1195.8,1694.1,2023-12-29,2024-05-24
GH-01998,Maize,Western,0.94,26.7,213.9,5.99,1875.3,3531.1,2022-03-26,2022-07-09
GH-01237,,Eastern,2.79,43.7,58.9,6.31,1749.5,3177.9,2022-09-04,2022-12-19
GH-01133,Plantain,Central,2.63,8.9,165.7,4.89,1132.2,11312.9,2023-11-27,2024-03-31
GH-00323,Cocoa,Ashanti,2.33,10.2,74.7,6.7,1732.3,1153.6,2023-10-28,2024-05-21
GH-01798,Rice,Eastern,1.49,11.3,93.9,7.35,1314.2,4285.0,2023-04-27,2023-08-28
GH-00064,Maize,Western,3.11,31.0,189.9,5.96,1999.5,2704.0,2023-12-04,2024-04-25
GH-00752,Yam,Central,2.27,29.0,218.9,5.47,1421.2,8372.4,2023-01-17,2023-07-26
GH-01498,Soybean,Ashanti,1.73,47.5,83.6,7.44,1805.4,1227.4,2022-02-08,2022-06-05
GH-01721,Plantain,Upper East,2.31,30.3,69.7,6.16,979.9,14345.2,2022-10-12,2023-02-22
GH-01933,Maize,Eastern,1.48,21.2,205.5,7.1,1367.9,3604.7,2022-01-16,2022-05-22
GH-00584,Rice,Central,1.84,33.6,131.2,4.64,1162.7,2560.5,2022-07-23,2022-12-10
GH-01069,Yam,Volta,3.06,40.0,217.8,4.85,1017.4,12222.4,2023-05-05,2024-01-24
GH-01084,Cocoa,Western,0.67,14.8,282.4,5.48,1548.2,785.5,2023-10-26,2024-08-19
GH-00914,Rice,Western,0.88,29.9,96.5,4.68,1872.7,2596.2,2022-02-22,2022-06-11
GH-01923,Cocoa,Eastern,1.33,29.2,139.1,5.17,1566.7,1150.7,2023-07-31,2024-02-25
GH-01615,Plantain,Northern,3.43,45.0,295.2,7.05,1039.7,14571.2,2022-10-09,2023-01-28
GH-01604,Maize,Central,2.89,32.5,220.9,6.65,1484.7,2166.6,2023-07-12,2023-03-17
GH-01313,Maize,Upper East,1.15,7.3,,6.24,920.4,1643.8,2022-01-08,2022-05-31
GH-01611,Yam,Ashanti,1.33,26.8,286.7,6.43,1950.4,9197.5,2022-09-16,2023-04-01
GH-01391,Rice,Eastern,1.08,5.6,259.7,5.94,1612.0,4524.8,2022-12-13,2023-04-20
GH-01789,Yam,Upper West,1.11,38.0,190.6,4.56,1035.5,13162.6,2022-07-24,2023-03-22
GH-00764,Rice,Ashanti,3.38,43.0,108.5,5.07,1277.9,2689.5,2023-11-23,2024-03-06
GH-00123,Rice,Volta,2.53,16.7,167.2,7.2,1146.3,2250.1,2022-06-20,2022-10-12
GH-00915,Cocoa,Greater Accra,1.54,18.4,106.1,7.38,791.7,1083.7,2022-08-20,2023-06-12
GH-01910,Yam,Central,1.23,17.9,246.7,6.66,1112.4,16880.2,2022-10-18,2023-07-08
GH-00215,Cassava,Western,1.2,24.8,74.9,6.32,1692.7,15337.9,2022-06-07,2023-11-16
GH-00613,,Upper West,0.54,43.3,155.1,5.63,1173.5,1123.5,2023-06-19,2023-12-20
GH-00406,Cocoa,Upper West,0.71,30.0,148.0,5.25,1064.0,1031.7,2023-05-31,2024-01-03
GH-01048,Maize,Upper East,2.82,17.8,103.2,6.02,,2644.0,2022-04-12,2022-08-25
GH-01751,Cocoa,Volta,0.7,,232.8,5.18,1048.0,976.5,2024-04-04,2023-07-20
GH-01318,Soybean,Brong Ahafo,2.59,10.6,219.9,5.91,1284.7,1195.4,2022-02-19,2022-07-03
GH-00726,Yam,Central,2.24,42.1,201.9,6.0,1006.6,14085.2,2022-08-19,2023-04-10
GH-00061,Cassava,Northern,1.75,,87.4,7.19,1081.1,19090.6,2022-05-25,2023-03-27
GH-00909,Groundnut,Western,2.57,,106.3,7.35,1713.2,1742.3,2023-02-20,2023-06-05
GH-01300,Rice,Brong Ahafo,3.18,16.3,274.1,7.41,1238.2,2144.7,2023-07-28,2023-12-02
GH-00441,,Western,3.24,45.4,299.2,6.23,1878.3,2597.1,2023-02-21,2023-06-21
GH-01800,Maize,Greater Accra,,30.3,194.4,5.5,1071.0,1850.6,2022-09-07,2022-12-15
GH-01687,Cocoa,Western,2.59,7.8,230.7,6.75,1887.4,511.6,2022-12-22,2023-10-16
GH-01116,Groundnut,Upper East,2.13,29.6,159.3,6.44,1007.4,2320.2,2023-11-07,2024-03-01
GH-01027,Rice,Eastern,2.06,6.1,232.4,7.25,1645.6,3766.2,2022-05-24,2022-09-30
GH-01613,Soybean,Upper West,2.46,40.5,268.7,5.93,1132.9,2263.3,2022-10-29,2023-02-20
GH-01079,Plantain,Brong Ahafo,1.07,6.5,178.2,5.77,1224.8,11155.0,2022-02-07,2022-05-26
GH-01138,,Eastern,1.07,15.3,135.4,7.02,1702.1,2618.9,2022-12-09,2022-09-01
GH-00664,Plantain,Upper West,2.54,44.3,246.4,5.26,910.2,5344.0,2022-03-09,2022-06-08
GH-01913,Rice,Northern Region,0.81,20.7,292.1,4.7,1012.0,4970.3,2022-08-07,2022-12-31
GH-00838,Yam,Northern,2.53,27.1,254.4,7.5,1144.4,,2022-08-27,2023-03-24
GH-00382,Plantain,Western,,24.3,138.4,6.56,1690.2,5524.6,2023-10-20,2024-01-19
GH-01009,,Northern,1.97,5.5,260.2,5.57,1133.7,994.8,2022-06-29,2023-03-14
GH-01497,Soybean,Northern,2.28,37.5,190.3,5.96,1048.7,1570.1,2023-09-19,2024-02-10
GH-00609,Cocoa,Central,3.15,23.2,123.3,5.71,1004.0,585.4,2023-09-24,2024-04-16
GH-01935,Groundnut,Brong Ahafo,1.04,15.5,73.7,6.22,1386.4,1548.6,2022-11-29,2023-03-26
GH-00106,Rice,Eastern,3.07,25.3,51.0,6.38,1274.9,4256.2,2022-08-27,2022-12-14
GH-01229,Plantain,Eastern,0.97,21.2,263.7,7.44,1653.0,5590.1,2022-07-05,2022-11-20
GH-01681,Cocoa,Eastern,3.1,33.0,58.4,4.65,1657.8,830.7,2023-06-26,2024-01-14
GH-00706,Yam,Greater Accra,3.33,,123.2,5.28,808.7,14135.9,2023-05-25,2024-01-02
GH-01332,Plantain,Northern,1.88,5.2,207.1,6.56,1128.5,5618.6,2022-05-04,2022-09-24
GH-00820,Maize,Eastern,0.54,11.3,266.0,6.42,1591.5,3678.9,2023-05-14,2023-08-30
GH-00091,Soybean,Ashanti,3.35,49.8,124.3,6.45,1419.6,2112.1,2022-06-21,2022-10-22
GH-01854,Maize,Volta,1.32,32.2,119.6,4.5,1184.4,1931.5,2022-08-26,2023-01-20
GH-00270,Cassava,Ashanti,1.78,46.7,228.8,7.0,1397.2,12799.5,2022-09-22,2023-12-30
GH-00631,Maize,Greater Accra,0.86,31.0,,6.06,1194.1,3211.1,2023-03-21,2023-07-05
GH-01792,Plantain,Western,3.25,17.0,122.9,5.43,2027.3,7879.1,2023-01-21,2023-05-02
GH-00229,,Upper West,1.03,25.0,108.5,4.91,1096.6,4497.0,2023-03-17,2023-07-09
GH-00299,Yam,Greater Accra,2.05,14.1,170.9,6.3,1045.1,11104.0,2023-12-29,2024-07-07
GH-00177,,Brong Ahafo,2.78,10.5,62.5,4.61,1100.7,17846.7,2022-09-29,2024-03-06
GH-00815,Cocoa,Ashanti,1.45,17.0,158.4,6.61,1843.6,909.8,2022-03-18,2022-11-12
GH-01546,Cocoa,Upper East,2.94,49.1,150.7,7.25,990.4,848.7,2023-07-05,2024-03-31
GH-00098,Cocoa,Greater Accra,3.13,12.5,121.0,5.38,1179.3,,2023-03-30,2023-12-23
GH-01018,Cassava,Central,3.32,30.8,168.2,7.42,1181.1,19997.8,2023-03-29,2024-02-27
GH-00068,Maize,Eastern,2.76,49.2,249.0,7.29,1606.1,3106.1,2022-08-02,2022-11-02
GH-00144,Soybean,Eastern,2.83,37.0,85.7,5.36,1447.0,1010.1,2023-05-26,2023-09-15
GH-01732,Cassava,Upper West,3.12,35.7,189.7,5.4,1110.2,11891.0,2023-06-21,2024-02-18
GH-01286,,Volta,1.29,46.0,73.5,6.19,1002.4,10072.7,2023-08-30,2023-12-29
GH-00803,Maize,Eastern,2.94,31.2,,6.08,1474.3,3691.4,2022-12-12,2023-05-02
GH-00168,Groundnut,Volta,0.63,40.2,293.1,5.25,1100.9,1536.7,2023-09-16,2024-02-11
GH-00029,Soybean,Northern,3.31,43.4,,7.0,1059.5,1173.8,2022-05-20,2022-09-29
GH-01918,Plantain,Central,2.64,9.1,62.1,6.84,1180.2,8783.6,2023-09-02,2023-05-31
GH-01156,Maize,Eastern,1.39,17.4,253.8,5.52,1464.7,3529.2,2022-05-23,2022-10-01
GH-01460,,Western,2.07,20.3,139.6,5.52,1742.2,14745.7,2023-01-06,2024-05-10
GH-00547,Yam,Upper West,2.9,38.6,192.9,4.59,961.3,17456.0,2023-09-30,2024-07-11
GH-01492,Groundnut,Ashanti,0.87,8.4,262.6,4.69,1580.4,985.6,2023-12-01,2024-04-06
GH-00878,Rice,Northern,1.86,49.7,,5.45,1081.0,3161.0,2022-12-27,2023-05-16
GH-01875,Rice,Northern,0.88,14.9,55.6,6.37,,4012.1,2023-10-20,2024-02-18
GH-01326,Maize,Brong Ahafo,1.65,18.8,,4.56,1195.4,2530.2,2022-05-25,2022-09-14
GH-00688,Yam,Western,1.95,25.3,181.9,7.3,1880.2,15482.0,2023-08-22,2024-02-22
GH-01288,Plantain,Western,3.01,27.8,191.0,5.15,1571.3,12860.0,2022-02-26,2022-06-06
GH-01240,Cassava,Greater Accra,1.11,45.1,101.9,4.97,1207.9,9387.3,2022-05-24,2023-10-29
GH-00246,Plantain,Upper West,0.6,48.6,229.8,6.18,1139.7,13918.7,2022-07-18,2022-10-19
GH-01333,Groundnut,Western,1.79,23.6,73.8,6.83,1856.2,2065.9,2022-03-27,2022-08-18
GH-01660,Soybean,Ashanti,2.0,6.7,75.8,5.21,1492.0,1520.2,2022-11-06,2023-02-05
GH-01215,Rice,Upper West,,45.8,153.8,6.48,990.1,4725.5,2023-07-14,2023-11-18
GH-01015,Yam,Upper West,1.61,44.1,124.0,5.9,1156.7,9579.1,2023-10-27,2024-05-04
GH-00560,Plantain,Upper West,0.93,33.1,177.1,6.47,953.5,9702.3,2022-11-15,2023-03-07
GH-01482,Yam,Upper West,0.93,18.1,183.2,6.23,1032.4,10596.8,2023-05-23,2024-02-06
GH-01301,Groundnut,Volta,2.47,42.4,295.7,6.22,,1431.8,2022-09-24,2023-01-16
GH-00580,Rice,Upper East,,18.6,290.5,6.14,974.5,3162.5,2022-08-07,2022-11-25
GH-00469,Yam,Upper West,2.16,42.6,162.5,5.03,1095.4,8797.1,2022-04-10,2023-06-21
GH-00047,Soybean,Upper West,2.4,41.1,224.4,6.14,976.9,1285.1,2023-12-20,2024-04-28
GH-00006,Soybean,Western,1.31,41.5,286.1,6.76,2069.3,2036.3,2022-04-09,2022-07-30
GH-01971,Maize,Ashanti,0.5,10.3,172.0,6.13,1463.9,3539.4,2022-08-02,2022-11-23
GH-01898,Cassava,Brong Ahafo,1.09,22.5,266.9,6.63,1286.3,15400.8,2022-01-24,2023-04-10
GH-01257,Plantain,Upper East,2.82,37.3,259.1,6.71,1090.8,9115.2,2022-12-14,2023-04-23
GH-01625,Plantain,Ashanti,,21.3,251.1,5.35,1376.7,9107.1,2023-07-16,2023-11-14
GH-01641,Cocoa,Central,3.43,20.9,277.3,5.54,1309.6,519.4,2023-08-14,2024-05-31
GH-01956,Maize,Brong Ahafo,1.5,26.8,139.4,5.9,1257.6,4405.1,2022-04-24,2022-09-03
GH-00911,Cassava,Volta,2.36,34.4,113.4,4.58,1379.6,19161.7,2023-01-10,2024-04-16
GH-01096,Rice,Volta,0.76,30.8,85.4,6.48,1114.3,3090.7,2022-09-11,2022-12-22
GH-01921,Cassava,Northern,1.26,38.6,,6.17,1010.7,9847.5,2023-10-19,2024-12-24
GH-00178,Cassava,Central,2.14,5.8,200.9,6.11,1444.4,12115.0,2023-10-27,2025-01-29
GH-00852,Rice,Brong Ahafo,3.32,16.4,92.1,4.9,1327.4,,2022-05-26,2022-09-29
GH-01359,Cocoa,Brong Ahafo,1.34,10.5,256.6,5.83,1353.5,459.8,2022-09-22,2023-05-22
GH-01234,Maize,Ashanti,1.05,18.5,151.3,4.54,1399.3,1522.2,2023-05-31,2023-09-08
GH-00805,Plantain,Eastern,3.4,10.6,206.5,5.04,1735.3,,2023-04-05,2023-07-23
GH-00537,Soybean,Greater Accra,1.35,45.8,181.8,6.54,1245.5,1048.9,2022-08-17,2023-01-09
GH-01593,Cocoa,Western,2.22,16.6,132.6,5.77,1535.4,1093.9,2022-02-03,2022-08-18
GH-00829,Groundnut,Upper West,2.03,28.5,188.6,4.59,923.9,1452.7,2022-11-20,2023-02-22
GH-00293,Maize,Upper East,2.98,8.3,170.7,5.7,1046.3,1922.5,2023-04-26,2023-08-11
GH-00628,Plantain,Northern,1.74,10.3,292.0,6.97,1104.5,5058.8,2022-01-10,2022-05-03
GH-00965,Groundnut,Upper East,1.69,24.7,57.1,7.02,967.5,1793.1,2022-02-06,2022-10-06
GH-00635,Rice,Volta,1.14,40.8,68.3,4.8,1119.4,3809.6,2023-09-07,2024-01-26
GH-01830,Maize,Brong Ahafo,,37.9,117.1,5.54,1232.7,,2022-03-03,2022-07-23
GH-00865,Cocoa,Volta,2.16,25.0,261.4,6.49,1222.7,422.0,2022-06-07,2022-12-09
GH-00352,Maize,Central,1.02,29.5,227.7,7.46,1452.9,3225.2,2022-08-13,2022-11-19
GH-00357,Rice,Upper East,0.79,7.8,73.3,6.79,937.4,2935.7,2023-03-19,2023-07-20
GH-00620,Cassava,Greater Accra,1.79,11.0,75.9,5.45,817.3,10517.1,2023-02-09,2024-06-20
GH-01953,Cassava,Upper West,1.43,38.5,78.9,5.13,905.9,10086.7,2022-06-11,2023-10-20
GH-00841,Groundnut,Upper East,2.21,22.8,265.2,6.59,,,2022-03-29,2022-08-25
GH-01940,Groundnut,Eastern,2.27,44.1,94.2,5.51,1346.7,1799.7,2022-02-07,2022-07-03
GH-00230,Yam,Greater Accra,2.04,31.6,65.0,5.75,1033.5,,2022-05-06,2023-01-24
GH-01667,Soybean,Western,0.5,13.6,275.4,6.64,1762.1,1973.5,2023-12-11,2024-03-18
GH-01463,Yam,Volta,1.98,7.5,131.9,7.24,1006.9,7760.4,2022-07-21,2023-02-02
GH-01185,Soybean,Ashanti,2.18,49.1,208.1,7.22,1478.9,1388.2,2023-06-26,2023-10-29
GH-01004,Maize,Eastern,1.34,,126.1,7.23,1711.3,3419.0,2023-05-31,2023-10-24
GH-01936,Soybean,Central,2.87,10.2,147.5,7.06,1166.5,1256.4,2023-04-28,2023-08-14
GH-01864,Plantain,Upper West,2.53,49.2,235.7,5.77,1191.0,14998.9,2022-05-05,2022-08-21
GH-01621,Yam,Central,2.07,28.4,222.2,6.01,1002.5,12781.8,2023-11-28,2024-07-25
GH-00013,Cassava,Upper East,3.19,33.9,245.5,4.96,961.3,17328.0,2022-05-03,2023-03-10
GH-01742,Rice,Eastern,1.88,39.3,133.8,6.84,1596.4,2112.7,2022-08-02,2022-11-12
GH-00259,Soybean,Northern,0.58,33.3,76.8,5.82,1043.1,1610.3,2023-09-01,2023-12-23
GH-00036,Yam,Northern,2.53,7.9,187.3,7.18,1060.8,12753.5,2022-01-31,2022-09-13
GH-00170,Plantain,Brong Ahafo,1.41,22.9,189.9,4.71,1293.7,14746.9,2022-02-01,2022-05-06
GH-01078,Maize,Brong Ahafo,3.24,24.4,296.6,5.77,1219.0,3894.6,2022-10-25,2023-03-08
GH-00432,Plantain,Northern,2.85,42.0,204.2,5.6,1014.0,13844.2,2023-09-04,2023-12-06
GH-01258,Cassava,Greater Accra,0.63,34.9,178.1,7.02,1223.1,,2023-04-21,2024-04-25
GH-01951,Cocoa,Western,1.66,35.2,250.6,6.37,1683.8,943.7,2023-12-23,2024-07-06
GH-01807,Cocoa,Greater Accra,1.0,31.2,261.6,5.7,935.8,874.8,2023-04-03,2023-10-06
GH-00682,Yam,Volta,0.88,21.9,,5.33,1097.8,7721.0,2023-04-03,2023-10-29
GH-01802,Yam,Volta,3.31,25.0,118.9,5.77,1001.5,17802.2,2023-06-20,2024-02-29
GH-00264,Maize,Eastern,0.94,42.2,142.6,5.86,1455.6,4053.1,2023-05-29,2023-09-22
GH-01273,Cassava,Central,1.33,22.2,124.4,5.36,1350.7,8532.1,2022-03-13,2023-03-26
GH-01639,Maize,Upper East,,48.7,160.7,7.41,906.6,3786.7,2022-08-15,2023-01-05
GH-01384,Cocoa,Volta,1.73,17.3,251.2,4.87,1265.4,479.7,2023-07-20,2024-03-23
GH-01256,Rice,Upper West,2.04,,112.5,6.08,1059.6,2602.2,2022-11-04,2023-03-09
GH-00724,Maize,Ashanti,0.81,,266.9,5.25,1829.1,3550.2,2022-12-08,2023-03-28
GH-01130,Rice,Northern,1.1,38.0,,5.51,1029.0,3250.0,2023-02-09,2023-05-26
GH-00369,Cassava,Upper West,0.86,22.1,155.5,6.83,1013.7,9636.4,2023-06-01,2024-06-06
GH-00800,Cassava,Ashanti,,22.5,,6.79,1345.0,14611.9,2023-08-05,2024-05-30
GH-00994,Cocoa,Northern,3.17,17.4,161.1,6.48,1079.3,1127.1,2023-07-12,2024-04-05
GH-00209,Plantain,Central,3.36,43.9,247.1,6.76,1328.9,6585.6,2023-01-08,2023-04-08
GH-00835,Maize,Central,0.71,22.1,104.0,7.27,1165.0,2111.6,2022-07-27,2022-12-15
GH-00939,Plantain,Volta,0.56,9.6,173.1,4.56,1089.7,6870.4,2022-06-29,2022-10-02
GH-00185,Maize,Upper East,2.52,13.3,156.5,6.94,962.4,1862.1,2023-01-05,2023-05-21
GH-00732,Maize,Western,2.78,37.9,109.1,5.03,1959.7,3454.7,2023-04-19,2023-09-07
GH-00372,Soybean,Northern,1.81,22.8,262.6,5.06,1013.9,2747.8,2022-08-19,2022-12-19
GH-01804,Soybean,Upper East,2.89,,141.7,5.36,1007.6,2162.5,2022-10-27,2023-02-07
GH-00801,Maize,Volta,0.78,10.9,82.1,6.12,1293.2,3811.2,2022-06-18,2022-10-07
GH-00672,Plantain,Upper East,3.16,42.8,162.0,7.37,1027.3,10431.2,2022-01-01,2022-05-22
GH-01456,Yam,Northern,1.34,21.1,226.5,6.6,1078.5,9964.1,2023-07-15,2024-04-12
GH-01993,Cassava,Eastern,3.4,16.2,184.5,7.13,1583.5,9616.1,2023-02-20,2024-02-29
GH-01355,Rice,Central,2.99,49.1,92.8,7.28,1341.9,4108.7,2023-06-24,2023-10-31
GH-00621,Cocoa,Brong Ahafo,2.72,15.9,76.9,5.85,1115.7,559.3,2023-10-20,2024-08-14
GH-00982,Soybean,Western,1.91,39.6,172.0,5.26,1843.1,2791.3,2023-04-24,2023-09-04
GH-00279,Maize,Central,2.97,30.4,121.2,6.18,1369.8,3080.9,2022-10-26,2023-03-22
GH-01719,Rice,Western,1.48,20.4,282.5,7.32,,2059.1,2022-12-23,2023-05-16
GH-00501,Groundnut,Northern,,16.3,259.6,7.23,1088.3,1164.7,2023-01-09,2023-05-12
GH-01167,Yam,Eastern,0.85,47.3,284.1,6.47,1684.3,7699.2,2023-11-01,2024-05-14
GH-01468,Plantain,Brong Ahafo,2.31,46.3,284.5,6.61,1156.9,10498.1,2023-05-16,2023-09-17
GH-01424,Groundnut,Ashanti,0.83,16.7,101.5,6.31,1496.7,1974.4,2022-05-25,2022-10-19
GH-01269,Yam,Ashanti,1.83,11.5,143.7,6.69,,9975.6,2022-07-10,2023-02-20
GH-00485,Yam,Volta,3.32,38.8,114.5,6.74,,8295.3,2022-05-26,2023-03-17
GH-01378,Yam,Upper West,2.2,11.7,59.0,6.75,1152.5,15117.7,2022-02-13,2022-08-12
GH-01614,Maize,Central,3.0,35.7,252.7,6.02,1359.1,1616.4,2022-08-20,2023-01-05
GH-00776,Yam,Upper West,2.97,6.3,124.5,7.09,919.5,15430.4,2023-08-06,2024-03-18
GH-00626,Rice,Upper East,2.12,21.6,159.7,5.68,920.4,2355.7,2022-02-11,2022-05-26
GH-00136,Yam,Ashanti,2.51,44.4,52.8,6.92,1702.9,12715.4,2022-03-12,2022-10-27
GH-00222,Cassava,Eastern,3.01,41.1,,5.44,1611.1,12513.8,2023-09-30,2025-01-15
GH-00649,Soybean,Western,2.76,21.2,256.4,5.21,1636.9,1610.5,2022-10-18,2023-02-28
GH-01177,Groundnut,Central,1.15,19.2,124.6,5.06,1075.6,1236.5,2023-07-08,2023-10-13
GH-01820,Cassava,Eastern,1.74,44.9,271.9,6.16,,14537.6,2022-09-18,2024-02-12
GH-00438,,Upper West,3.47,12.9,163.6,4.57,925.7,1581.8,2022-02-03,2022-05-12
GH-00453,Plantain,Eastern,0.72,11.1,83.9,7.48,1334.2,11587.2,2022-05-23,2022-09-26
GH-01607,Rice,Greater Accra,2.15,28.5,77.7,7.05,1106.1,4932.4,2023-09-09,2023-12-15
GH-00806,Cocoa,Ashanti,2.98,32.0,87.6,7.02,1568.4,887.8,2022-10-24,2023-07-04
GH-01560,Cassava,Volta,,14.1,174.9,5.27,1129.6,,2023-06-20,2024-06-21
GH-00954,,Northern,2.35,45.5,76.3,4.79,1084.9,678.5,2022-10-09,2023-06-04
GH-01387,Maize,Upper East,1.45,29.1,161.8,5.82,1014.6,4011.2,2023-06-08,2023-01-29
GH-01846,Groundnut,Northern,2.69,16.4,63.3,6.37,1076.7,1222.7,2023-09-20,2024-02-05
GH-01693,,Upper West,1.26,8.8,274.4,6.5,1013.9,963.1,2023-04-09,2023-12-05
GH-01706,Soybean,Northern,1.46,6.0,178.4,5.34,1046.2,1220.0,2022-03-28,2022-08-08
GH-01006,Yam,Northern,3.06,20.4,246.6,6.86,,7354.8,2022-07-21,2023-02-22
GH-00462,,Volta,1.02,41.2,189.0,6.63,1101.0,8953.1,2022-12-30,2023-08-11
GH-00539,Yam,Ashanti,1.69,29.0,51.3,6.26,1536.7,14523.3,2023-03-03,2023-10-26
GH-01970,Maize,Ashanti,0.91,41.8,69.8,6.07,1924.9,2543.3,2023-01-15,2023-06-04
GH-00558,Plantain,Volta,2.0,23.1,255.1,6.42,1095.8,5829.2,2022-01-21,2022-05-10
GH-00422,Rice,Brong Ahafo,2.32,42.6,68.3,6.3,1367.6,2828.4,2023-02-04,2023-06-07
GH-00634,Maize,Eastern,0.86,20.3,190.4,4.86,1446.9,4050.1,2022-03-15,2022-07-27
GH-01392,Plantain,Greater Accra,0.65,7.2,124.4,6.53,987.7,,2023-04-07,2023-08-21
GH-01686,,Upper East,2.36,,56.3,5.87,1045.7,1583.1,2023-09-26,2024-02-13
GH-01007,Cocoa,Western,1.0,35.0,128.1,5.18,1532.9,1127.1,2023-07-29,2024-01-31
GH-01514,Maize,Upper West,1.0,31.2,221.2,5.89,1186.2,2408.1,2023-05-30,2023-09-12
GH-01819,Rice,Western,2.8,19.0,288.8,5.08,1607.1,2174.0,2022-06-16,2022-10-19
GH-01394,Plantain,Western,1.36,20.4,84.2,4.74,1520.5,10751.3,2022-06-15,2022-10-01
GH-00472,Soybean,Upper West,1.62,43.3,110.6,7.29,990.2,1686.8,2023-08-29,2023-12-13
GH-01049,Yam,Central,2.61,49.8,239.0,4.99,1012.1,8223.2,2023-10-14,2024-07-31
GH-01221,Maize,Eastern,3.19,37.7,206.1,4.57,1421.4,1866.8,2022-11-26,2023-03-02
GH-00133,,Northern,2.31,42.0,264.4,6.47,1147.1,2481.8,2023-08-13,2023-12-22
GH-01137,Groundnut,Eastern,3.24,21.5,146.3,5.44,1599.4,1225.3,2022-06-24,2022-11-07
GH-01773,Maize,Volta,0.93,7.7,162.2,6.92,1306.0,2714.7,2023-01-16,2023-05-13
GH-00213,Yam,Greater Accra,2.82,38.2,191.2,4.97,1048.9,11675.0,2022-02-20,2022-11-30
GH-00207,Soybean,Upper East,2.59,39.2,141.3,4.94,1089.4,2339.6,2022-05-16,2022-10-07
GH-01713,Yam,Western,1.58,32.0,248.4,6.44,1901.7,16624.9,2023-08-28,2024-02-28
GH-00893,Maize,Volta,0.7,28.9,270.9,6.01,1377.3,2992.6,2022-10-09,2023-02-27
GH-00652,Soybean,Ashanti,2.14,25.0,183.8,5.31,1511.1,1218.0,2023-08-01,2023-12-10
GH-00102,Rice,Brong Ahafo,1.86,23.7,202.5,7.24,1323.4,3170.5,2022-08-22,2023-01-17
GH-01784,Plantain,Volta,0.52,9.8,135.2,4.65,,,2022-08-21,2023-01-12
GH-01092,Groundnut,Northern,1.6,14.4,205.2,5.27,1014.7,1593.3,2022-03-15,2022-08-10
GH-01005,Maize,Eastern,0.89,7.6,94.0,6.06,1314.6,3210.4,2023-07-31,2023-12-09
GH-00997,Maize,Central,2.71,20.2,,6.68,1239.8,1674.7,2023-03-24,2023-08-10
GH-00431,Maize,Greater Accra,3.45,29.0,233.2,6.92,1013.7,2266.1,2023-12-27,2024-04-01
GH-01844,Cassava,Eastern,2.56,36.9,68.0,6.97,1382.6,17645.1,2023-03-25,2024-02-04
GH-01904,Yam,Upper West,0.68,48.3,267.3,6.87,1115.4,15019.0,2022-01-29,2022-08-21
GH-01966,Maize,Greater Accra,0.9,32.4,291.4,5.07,987.4,3775.9,2023-05-07,2023-08-18
GH-00923,Maize,Greater Accra,1.75,,246.0,5.15,1239.2,4421.4,2022-03-11,2022-06-19
GH-00158,Rice,Volta,3.34,44.5,93.6,7.0,1113.9,4180.5,2022-07-14,2022-12-06
GH-01239,Maize,Upper East,1.33,22.6,215.5,4.65,1047.9,2794.3,2023-06-09,2023-10-26
GH-00761,Cocoa,Western,0.9,7.5,94.0,6.26,1969.2,584.6,2023-05-25,2023-12-26
GH-00290,Soybean,Upper West,3.14,23.6,284.2,4.52,1126.8,1483.0,2023-05-11,2023-08-30
GH-00184,Cassava,Ashanti,3.19,29.2,84.6,5.55,,9740.8,2023-08-29,2024-06-05
GH-00817,Maize,Eastern,3.18,15.4,179.0,4.68,1661.4,3599.3,2022-01-18,2022-04-23
GH-00253,Cocoa,Western,2.22,42.3,150.3,6.46,2087.5,830.1,2022-11-11,2023-08-07
GH-00977,Soybean,Central,2.19,35.6,226.7,5.12,1183.2,1514.1,2022-04-08,2022-07-13
GH-00677,Cocoa,Upper West,2.59,37.2,86.9,5.17,1099.3,510.1,2023-08-27,2024-04-13
GH-01372,Cassava,Upper East,2.59,20.4,201.0,5.03,1023.7,16226.9,2022-07-21,2023-04-27
GH-00090,Rice,Upper East,2.63,31.2,150.2,5.75,977.5,4538.2,2023-06-11,2023-10-17
GH-00017,Cocoa,Upper West,3.32,17.0,64.3,6.21,,990.5,2023-11-01,2024-06-22
GH-01722,Cassava,Greater Accra,2.91,19.2,93.0,4.74,1011.0,16567.3,2023-10-19,2024-08-13
GH-01369,Maize,Western,2.84,8.6,82.1,5.59,1975.8,2838.1,2023-02-07,2023-05-24
GH-01642,Maize,Volta,3.0,23.9,,5.76,1211.8,4012.9,2022-08-04,2022-11-12
GH-00234,Cocoa,Central,1.71,42.3,122.5,6.25,1484.6,480.3,2023-04-30,2024-01-15
GH-00351,Cocoa,Ashanti,2.63,20.3,86.8,6.98,1513.7,956.4,2022-05-13,2023-02-24
GH-01709,Soybean,Ashanti,1.1,30.5,196.6,6.64,1991.9,1896.8,2023-11-23,2024-03-29
GH-01886,Plantain,Central,1.1,21.2,77.6,5.26,1191.8,8795.9,2023-09-23,2024-01-03
GH-01270,Rice,Western,2.75,44.5,95.7,6.43,1861.2,3501.3,2022-05-17,2022-09-12
GH-00103,Rice,Upper East,1.3,7.8,145.6,5.75,926.7,2852.4,2023-06-24,2023-10-10
GH-00531,Maize,Volta,2.28,7.9,67.4,6.25,1257.4,4100.4,2023-02-28,2023-07-01
GH-01033,Maize,Brong Ahafo,0.66,31.2,78.2,7.48,1235.0,4116.8,2023-08-24,2024-01-08
GH-01731,Plantain,Greater Accra,,19.2,226.1,6.94,1067.6,13457.9,2023-02-04,2023-05-25
GH-01371,Groundnut,Western,1.24,,,6.3,1753.3,1910.8,2023-02-21,2023-06-29
GH-01414,Soybean,Volta,2.98,6.4,64.1,6.79,1046.1,2765.7,2023-11-04,2024-03-26
GH-01426,Plantain,Upper East,3.13,5.0,134.1,7.31,1035.1,6767.6,2022-02-13,2022-06-11
GH-01750,Groundnut,Eastern,2.01,44.1,61.3,7.12,1575.2,1797.9,2023-03-20,2023-07-07
GH-00658,Cassava,Eastern,3.3,43.9,207.1,5.15,1250.5,18437.6,2022-09-09,2023-08-27
GH-01835,Cocoa,Upper West,2.26,38.1,228.2,7.17,956.6,670.8,2022-05-16,2023-01-24
GH-01344,Maize,Eastern,,6.9,62.1,6.53,1707.9,3843.0,2023-07-30,2023-12-11
GH-01848,Soybean,Brong Ahafo,2.39,13.9,115.0,4.96,1284.9,1825.8,2022-09-27,2023-02-17
GH-00408,Soybean,Eastern,3.31,14.3,222.5,7.06,1361.2,,2022-05-23,2022-09-30
GH-01776,Soybean,Northern,2.29,13.7,222.3,6.16,1142.7,1022.3,2023-02-15,2023-05-31
GH-01348,Groundnut,Greater Accra,1.52,9.7,86.3,4.74,1150.7,1908.2,2023-12-15,2024-05-11
GH-00247,Maize,Brong Ahafo,0.67,38.1,236.3,4.53,,4413.5,2023-12-30,2024-05-07
GH-01448,Soybean,Central,1.8,10.3,75.6,6.37,1012.1,2444.2,2023-04-18,2023-09-05
GH-00276,Cocoa,Upper East,3.04,24.2,233.2,5.17,1099.9,845.5,2022-06-20,2023-01-06
GH-01212,,Northern,0.93,23.9,176.6,6.28,1107.3,745.6,2023-11-09,2024-05-22
GH-01295,Cocoa,Upper East,1.44,31.7,256.4,5.1,970.0,602.4,2023-08-28,2024-04-23
GH-00398,,Upper West,,,89.9,6.37,1078.9,14205.5,2023-05-26,2023-10-05
GH-00644,Maize,Eastern,1.74,38.8,292.0,5.74,,4313.7,2023-10-13,2024-02-14
GH-01901,Cocoa,Northern,1.82,23.5,156.6,6.74,1094.0,1158.3,2023-11-22,2024-08-22
GH-00927,Yam,Western,3.33,17.0,289.8,7.0,1982.4,17309.1,2023-11-16,2024-06-26
GH-01186,Cocoa,Western,3.33,44.1,122.1,4.62,2085.2,604.5,2023-04-06,2024-01-09
GH-00252,Maize,Upper East,1.66,27.7,176.9,7.48,,,2022-01-17,2022-05-31
GH-00950,Yam,Brong Ahafo,1.31,19.2,164.7,5.68,1283.8,14607.5,2022-08-07,2023-02-06
GH-00581,Plantain,Western,,6.7,,6.27,1668.0,11267.8,2023-09-06,2023-12-28
GH-01813,Groundnut,Brong Ahafo,0.77,18.5,50.4,5.03,1136.1,1956.1,2023-09-17,2023-12-31
GH-01727,,Northern,3.19,8.5,185.9,5.77,,696.1,2023-12-03,2024-07-01
GH-01925,Rice,Volta,0.87,33.2,,6.3,1136.7,4182.3,2023-09-09,2023-12-17
GH-01430,Groundnut,Volta,0.82,8.6,,6.61,1267.1,1672.8,2022-06-18,2022-11-09
GH-00487,Cassava,Ashanti,2.82,43.1,165.0,6.74,1629.8,18591.8,2022-12-22,2023-09-04
GH-01315,,Greater Accra,2.18,43.4,217.3,4.56,1201.2,10822.0,2022-08-05,2022-11-19
GH-01054,Groundnut,Eastern,3.31,37.2,244.8,6.1,1376.1,2446.0,2023-06-21,2023-10-09
GH-01566,Cassava,Volta,2.94,5.7,172.9,6.98,1378.6,12642.9,2023-03-19,2023-12-30
GH-00867,Yam,Central,2.93,37.2,60.0,5.84,1196.2,14806.4,2023-07-02,2024-04-21
GH-00689,Groundnut,Upper West,0.54,16.5,256.2,7.02,966.7,,2022-11-05,2023-02-04
GH-00861,Cocoa,Northern,0.66,11.3,295.9,6.98,1034.6,834.8,2022-09-24,2023-06-01
GH-00897,Plantain,Ashanti,1.24,,92.6,5.01,1849.2,11885.8,2023-12-14,2024-04-20
GH-01734,Cocoa,Northern,1.18,15.7,77.7,5.37,,831.2,2023-08-23,2024-03-21
GH-01735,Maize,Northern,2.2,49.1,94.3,6.34,1015.5,3489.2,2023-05-16,2023-08-15
GH-00265,Cassava,Greater Accra,2.54,36.3,106.5,5.22,1011.0,19179.3,2023-04-06,2024-09-25
GH-01219,Yam,Volta,0.91,11.5,140.6,7.13,1326.6,9743.7,2022-12-15,2023-07-16
GH-01877,Yam,Ashanti,1.56,40.8,63.1,6.55,1894.4,12527.7,2022-09-10,2023-04-23
GH-00882,Plantain,Brong Ahafo,2.42,44.0,186.0,4.73,1335.1,10722.7,2023-08-24,2023-12-20
GH-00704,Soybean,Volta,3.47,18.1,250.4,4.58,1139.1,2026.2,2023-04-17,2023-07-26
GH-01397,Cassava,Brong Ahafo,2.49,37.1,202.1,5.96,1312.3,11210.9,2022-04-21,2023-06-14
GH-01399,Cocoa,Greater_Accra,2.78,35.0,290.3,7.01,804.9,683.8,2023-07-03,2024-04-07
GH-00415,Cassava,Northern,0.56,38.3,53.9,7.28,1036.1,10590.0,2023-10-01,2024-12-22
GH-00456,Cassava,Greater Accra,2.72,16.6,125.7,4.83,1048.9,14780.1,2023-02-05,2024-05-03
GH-01867,Rice,Western,0.68,47.7,183.2,4.55,1886.1,4557.0,2023-09-02,2023-12-01
GH-00437,Soybean,Northern,2.3,7.6,,6.18,1062.7,1538.9,2022-07-11,2022-10-14
GH-00971,Soybean,Brong Ahafo,2.14,8.4,258.1,5.82,1278.2,1414.6,2023-03-02,2023-06-16
GH-01969,Maize,Western,0.67,13.5,123.2,7.49,1900.1,2061.1,2022-08-03,2022-12-12
GH-01567,Yam,Upper East,1.65,37.8,230.5,5.73,949.3,14193.9,2023-02-22,2023-10-22
GH-00608,Soybean,Upper West,2.88,20.2,278.8,6.04,1196.4,1901.6,2022-05-23,2022-10-18
GH-00877,Rice,Western,1.01,33.6,55.0,5.01,1993.7,3166.3,2022-06-13,2022-10-24
GH-01782,Soybean,Brong Ahafo,1.08,47.6,175.1,5.23,1308.0,1818.3,2023-09-29,2024-02-15
GH-01513,Yam,Central,2.28,10.6,206.7,6.4,1484.1,,2022-07-12,2023-01-20
GH-00967,Yam,Ashanti,1.35,40.5,137.4,5.25,,9793.8,2022-06-05,2023-03-31
GH-00402,Cocoa,Ashanti,2.38,42.9,226.4,5.62,1638.4,1191.9,2022-04-30,2023-01-08
GH-01975,Rice,Northern,1.75,29.7,161.0,5.53,1082.1,4296.8,2023-06-12,2023-09-18
GH-00533,Maize,Western,1.5,14.9,93.1,7.32,1805.0,4274.6,2023-12-10,2024-04-13
GH-01957,Plantain,Upper West,2.17,18.3,66.5,4.88,934.4,11561.5,2022-08-08,2022-12-23
GH-01738,Groundnut,Central,0.57,24.0,191.6,4.61,1089.1,2310.1,2022-03-21,2022-08-16
GH-01278,Groundnut,Upper West,3.22,31.0,202.7,5.02,910.0,1696.8,2023-07-28,2023-11-03
GH-00094,Plantain,Eastern,1.49,7.5,249.7,6.07,1745.9,12164.9,2022-11-17,2023-03-15
GH-01342,Soybean,Western,0.89,43.1,299.6,4.75,1922.6,1514.7,2023-03-24,2023-08-19
GH-00269,Groundnut,NR,2.19,35.2,100.2,6.67,1122.5,2250.3,2023-07-25,2023-11-01
GH-01636,Groundnut,Ashanti,1.51,5.2,181.7,6.27,1381.9,1810.0,2023-08-20,2023-11-22
GH-01771,Cassava,Ashanti,2.38,33.4,292.0,5.54,1858.7,17080.9,2022-08-07,2024-01-05
GH-00604,Plantain,Brong Ahafo,0.73,14.2,233.6,5.74,1253.7,8563.9,2023-02-24,2023-07-09
GH-01467,Rice,Brong Ahafo,2.87,37.7,149.2,6.33,,3348.6,2023-08-27,2023-12-26
GH-01538,Plantain,Upper East,0.88,19.1,247.7,4.87,1075.8,12589.3,2022-09-23,2023-01-27
GH-00249,Maize,Eastern,1.33,43.4,132.7,4.88,1298.6,3128.3,2023-05-20,2023-09-27
GH-00291,Maize,Northern,1.88,14.0,76.6,4.68,1096.7,1740.6,2022-05-26,2022-09-26
GH-00625,Yam,Volta,1.39,18.0,293.3,6.1,1170.9,8867.1,2022-08-27,2023-04-28
GH-01208,Plantain,Ashanti,2.88,14.2,129.6,5.42,1921.9,10967.2,2023-01-01,2023-04-14
GH-00470,Cocoa,Northern,,43.8,134.5,6.97,1033.2,1018.5,2022-07-21,2023-03-26
GH-01331,Plantain,Brong Ahafo,1.07,48.8,76.5,6.44,1197.1,12350.0,2022-10-02,2023-02-15
GH-01648,Cocoa,Northern,,,163.3,6.68,1020.0,595.5,2023-08-02,2024-04-18
GH-00308,Rice,Ashanti Region,0.68,20.4,240.7,5.59,1621.1,4725.8,2022-06-16,2022-10-25
GH-01897,Plantain,Western,1.74,,285.3,6.3,1556.4,7444.4,2023-10-08,2024-02-22
GH-00929,,Central,1.82,16.3,247.3,5.59,1184.0,12012.3,2023-04-08,2023-08-29
GH-01697,Maize,Upper East,2.28,37.3,,6.23,1077.8,2622.5,2022-10-10,2023-03-06
GH-00996,Yam,Northern,2.03,46.9,62.0,5.17,,17671.0,2023-10-03,2024-04-04
GH-00888,Plantain,Upper East,0.74,45.9,229.1,6.76,1008.4,10796.4,2023-07-19,2023-12-05
GH-00651,Groundnut,Central,1.48,37.3,170.0,5.07,1481.4,1875.5,2023-12-30,2024-04-17
GH-01442,Rice,Central,1.56,41.1,253.0,6.81,1376.2,2477.5,2022-05-21,2022-10-17
GH-00326,Plantain,Greater Accra,1.26,31.2,93.0,7.02,1115.7,12116.1,2022-12-12,2023-04-06
GH-01303,Groundnut,Upper West,3.33,26.9,153.9,7.09,1145.4,1456.4,2023-08-23,2023-12-02
GH-00500,Cocoa,Western,1.14,47.5,130.0,5.85,2074.8,1004.1,2022-05-24,2022-11-25
GH-00516,Cassava,Brong Ahafo,2.6,28.2,76.3,6.91,1358.2,12134.2,2022-03-09,2023-06-13
GH-01398,Groundnut,Central,3.11,41.8,190.0,7.22,1202.9,923.3,2023-05-03,2023-09-15
GH-01165,Yam,Western,1.02,9.4,,4.51,,15294.0,2022-01-21,2022-08-04
GH-01067,Yam,Brong Ahafo,2.38,32.1,124.8,5.58,1374.1,6187.3,2023-04-16,2023-12-11
GH-01503,Plantain,Greater Accra,3.03,35.7,78.4,5.31,813.9,9349.5,2022-10-08,2023-01-08
GH-00088,Maize,Ashanti,3.23,11.0,179.3,5.68,1943.5,2257.3,2022-11-15,2023-04-03
GH-01089,Soybean,Central,,46.5,174.8,7.39,1406.5,1512.9,2022-04-18,2022-08-20
GH-01569,Cassava,Eastern,3.47,7.8,72.8,4.6,1556.0,11990.9,2022-08-13,2023-07-21
GH-01885,Maize,Upper East,2.47,33.3,172.5,6.74,977.6,3181.6,2022-01-04,2022-05-06
GH-01937,Cassava,Western,1.65,19.7,151.7,5.69,1839.1,15687.7,2023-07-20,2024-12-13
GH-01230,Cassava,Western,3.0,38.9,282.4,7.15,1578.4,14449.6,2023-02-27,2024-02-26
GH-00662,Cassava,Ashanti Region,0.84,6.4,295.8,7.47,1871.9,19373.0,2023-11-06,2024-08-17
GH-00455,Yam,Western,2.05,41.6,257.4,5.42,1949.7,17077.0,2022-11-05,2023-07-28
GH-01440,Cassava,Upper East,0.85,19.4,244.3,5.12,958.5,15127.2,2022-10-02,2023-09-06
GH-00544,Rice,Brong Ahafo,2.81,43.3,243.6,7.32,1335.8,3383.8,2023-10-19,2024-02-17
GH-01194,Soybean,Ashanti,2.26,8.5,148.0,4.74,1567.3,1093.4,2023-05-13,2023-09-22
GH-01045,Plantain,Brong Ahafo,2.86,,293.6,5.08,1346.7,6044.2,2022-08-29,2023-01-02
GH-00126,Soybean,Ashanti,2.32,30.7,272.2,6.6,1321.2,,2023-02-15,2023-07-04
GH-01070,Yam,Central,3.29,8.2,57.9,4.67,1152.7,12462.1,2022-05-22,2022-12-14
GH-00651,Groundnut,Central,1.48,37.3,170.0,5.07,1481.4,1875.5,2023-12-30,2024-04-17
GH-01692,Plantain,Northern,0.85,29.1,218.1,7.37,1050.8,14779.8,2022-02-19,2022-06-29
GH-00411,Cassava,Eastern,2.38,21.0,259.0,5.71,1684.8,,2022-06-09,2023-09-04
GH-01562,,Eastern,3.18,49.8,81.5,5.8,1641.3,934.2,2023-06-23,2024-02-15
GH-01460,,Western,2.07,20.3,139.6,5.52,1742.2,14745.7,2023-06-01,2024-05-10
GH-01329,Plantain,Brong Ahafo,2.84,18.0,128.5,5.2,1321.2,9158.0,2023-07-29,2023-12-08
GH-01365,Soybean,Upper West,0.53,43.0,196.6,6.86,947.3,1649.7,2022-11-22,2023-03-29
GH-01346,Cassava,Eastern,2.67,46.6,212.0,4.74,1343.9,19385.6,2023-09-24,2024-12-04
GH-00988,Cocoa,Volta,2.9,31.7,226.4,4.96,1295.9,1177.5,2022-06-11,2023-01-30
GH-02000,Maize,Brong Ahafo,1.44,45.9,281.9,5.5,1182.6,2139.5,2023-01-28,2023-05-21
GH-01592,Cassava,Western,0.86,9.0,133.7,4.54,1992.5,19157.6,2023-06-13,2024-02-29
GH-00840,Yam,Eastern,2.24,17.5,180.1,6.23,1693.5,10656.3,2022-08-12,2023-03-30
GH-00073,Maize,Upper East,2.71,36.8,248.2,4.58,982.7,2951.6,2022-01-07,2022-05-10
GH-01627,Maize,Ashanti,3.43,41.4,112.3,7.13,1325.2,4442.9,2022-12-17,2023-04-17
GH-01869,Yam,Eastern,2.81,36.6,288.3,6.59,1466.0,15796.3,2022-07-07,2023-02-17
GH-00324,,Upper East,3.19,5.2,253.0,4.83,993.0,4043.8,2022-11-08,2023-03-31
GH-00542,Rice,Upper West,3.46,5.5,296.0,6.88,1098.2,4425.8,2023-12-06,2024-04-05
GH-01410,Rice,Upper East,1.54,33.9,65.6,5.45,925.5,2062.7,2023-01-15,2023-04-20
GH-00139,Groundnut,Northern,1.22,36.8,216.1,5.35,1128.5,2382.4,2023-07-12,2023-10-11
GH-00618,Soybean,Eastern,1.65,31.7,263.6,6.39,1667.4,1141.7,2023-02-19,2023-05-21
GH-01524,Yam,Upper East,3.47,28.8,248.5,4.53,1075.5,7693.2,2023-06-06,2024-01-29
GH-00072,Rice,Central,0.88,26.1,148.6,6.46,1034.9,2477.9,2023-02-25,2023-07-18
GH-00534,Maize,Central,3.15,28.2,238.1,5.25,1205.3,4043.3,2022-09-19,2022-12-28
GH-00007,Yam,Volta,1.71,42.1,103.1,6.97,1134.2,10620.2,2022-08-13,2023-02-11
GH-00681,Soybean,Upper West,1.11,8.4,157.9,6.43,913.3,2082.2,2023-06-29,2023-11-02
GH-01260,Cassava,Eastern,2.44,5.9,192.7,7.11,1453.7,10527.2,2023-09-06,2024-02-22
GH-01320,Cassava,Greater Accra,1.2,6.3,242.2,5.29,845.1,17100.9,2022-01-09,2023-06-30
GH-00332,Maize,Ashanti,1.16,44.3,120.4,7.04,1853.8,1875.9,2023-05-29,2023-10-03
GH-01522,Maize,Upper West,0.95,6.7,256.7,7.25,1027.4,2901.9,2023-08-01,2023-10-30
GH-00420,Plantain,Brong Ahafo,,28.3,59.1,6.81,1256.5,12635.5,2022-12-18,2023-04-03
GH-00322,Yam,Upper East,2.78,45.1,182.8,6.31,916.3,12386.0,2022-12-06,2023-09-20
GH-00262,Plantain,Volta,1.19,28.9,298.0,6.32,1204.3,6172.7,2023-12-13,2024-05-08
GH-00196,Rice,Western,2.07,20.3,81.2,6.03,1726.1,2487.4,2022-05-16,2022-09-09
GH-01816,Cassava,Ashanti,1.01,14.2,299.3,7.35,1452.6,9320.7,2022-04-18,2022-12-17
GH-01277,Maize,Volta,0.59,8.1,132.2,6.24,1187.1,,2022-02-21,2022-06-25
GH-00356,Groundnut,Greater Accra,1.04,5.9,277.1,5.01,1052.5,,2022-07-14,2022-10-14
GH-01992,Cassava,Brong Ahafo,1.05,17.9,249.4,5.17,1260.1,18311.7,2023-08-12,2024-12-15
GH-01894,Cassava,Greater Accra,2.6,17.5,71.6,4.92,945.2,10242.2,2023-11-01,2024-03-15
GH-01952,Cassava,Brong Ahafo,3.09,15.8,261.4,5.98,,17054.4,2023-02-14,2024-02-08
GH-01717,Soybean,Ashanti,1.47,37.8,265.1,5.08,1892.9,1945.4,2023-01-06,2023-05-14
GH-01236,Cocoa,Upper East,2.23,33.6,253.4,6.66,992.4,813.6,2022-04-14,2022-11-25
GH-00333,Cocoa,Brong Ahafo,2.79,8.9,230.5,5.57,1169.0,660.0,2022-11-05,2023-06-30
GH-00192,Cassava,Volta,2.41,41.4,265.5,5.05,,13161.4,2023-11-28,2024-12-26
GH-01994,Maize,Volta,1.78,21.0,127.4,5.95,1093.5,4042.9,2023-01-18,2023-04-28
GH-00093,Rice,Central,2.71,,101.9,6.32,1154.3,2642.0,2023-10-11,2024-02-18
GH-01739,Groundnut,Upper West,0.85,9.2,149.6,4.94,1106.5,2176.1,2023-10-14,2024-03-11
GH-00918,Cocoa,Greater Accra,2.51,18.7,242.4,6.97,980.5,565.3,2023-09-26,2024-05-07
GH-00109,Plantain,Greater Accra,1.65,26.1,262.8,6.74,967.1,12919.6,2022-11-10,2023-02-25
GH-01863,Cassava,Northern,1.88,35.8,100.9,5.0,1130.7,8513.4,2023-07-10,2024-07-04
GH-00543,Cassava,Upper West,1.37,22.7,234.1,5.58,1009.4,10830.0,2022-04-21,2023-08-10
GH-00395,Cassava,Central,3.38,23.8,250.6,6.43,1035.1,14518.5,2022-10-12,2023-08-04
GH-00864,Rice,Upper East,0.71,23.8,299.1,4.73,928.5,3784.5,2023-08-24,2023-12-15
GH-00313,Cocoa,Greater Accra,0.53,15.8,144.3,4.94,863.7,935.6,2022-06-05,2023-03-27
GH-00790,Groundnut,Central,3.17,28.1,120.7,7.14,1156.7,2283.2,2022-10-31,2023-03-14
GH-00948,Soybean,Upper West,0.73,38.4,237.1,4.98,1038.7,2191.1,2022-12-20,2023-05-03
GH-00381,Soybean,Northern,0.87,28.0,144.8,6.44,1132.6,2138.8,2022-01-10,2022-04-16
GH-01578,Rice,Greater Accra,0.76,12.2,214.8,5.77,1192.0,4929.8,2023-06-15,2023-09-17
GH-00412,Soybean,Central,1.24,35.6,75.3,4.98,1337.9,2111.7,2022-03-17,2022-08-09
GH-00078,Cocoa,Volta,2.24,32.5,257.7,4.6,1089.1,1090.6,2023-01-24,2023-10-18
GH-01494,Rice,Upper East,0.84,15.7,109.9,6.45,1049.1,2123.9,2023-03-21,2023-07-29
GH-01191,Cassava,Upper East,,13.0,263.1,6.44,1047.9,17418.2,2023-03-04,2024-07-05
GH-01205,Yam,Upper West,2.18,28.5,,6.83,987.2,16207.0,2023-11-22,2024-09-03
GH-00152,Cassava,Upper East,3.44,33.1,,5.94,934.9,11859.1,2022-03-03,2023-07-13
GH-01030,Yam,Upper East,2.76,32.3,143.2,6.91,991.7,14084.9,2023-04-10,2023-10-20
GH-00083,Yam,Brong Ahafo,2.85,43.8,60.9,5.7,1385.2,8004.5,2022-10-20,2023-05-21
GH-01591,Cocoa,Eastern,2.5,21.2,101.2,4.79,1569.6,586.4,2023-07-27,2024-02-22
GH-01029,Yam,Upper East,2.27,,220.3,6.19,1014.6,15473.5,2022-04-21,2022-10-20
GH-00336,,Upper East,1.64,16.8,177.9,6.68,959.3,2424.0,2023-04-23,2023-08-18
GH-00922,Groundnut,Volta,2.87,33.3,237.1,5.33,1320.0,2442.6,2022-08-21,2022-12-08
GH-01413,Yam,Western,1.01,17.0,218.5,4.66,1974.9,15599.4,2023-03-30,2023-10-04
GH-01949,Cocoa,Central,1.58,49.1,133.8,5.46,,668.4,2022-05-01,2023-01-01
GH-01284,Maize,Volta,1.45,36.6,154.0,6.22,1047.9,2738.9,2023-11-16,2024-04-04
GH-01741,Soybean,Greater Accra,1.07,23.6,92.5,7.49,986.2,1824.8,2023-02-21,2023-05-30
GH-00792,Soybean,Upper East,2.39,8.6,56.1,6.49,987.2,2261.4,2023-01-27,2023-05-09
GH-01833,Cocoa,Upper East,2.35,27.2,267.9,5.63,1071.8,547.5,2022-12-12,2023-08-17
GH-00594,Cocoa,Upper East,2.98,33.3,278.6,7.0,1048.9,744.8,2023-08-22,2024-04-25
GH-01174,Groundnut,Ashanti,1.67,5.2,134.7,5.93,1635.7,1460.8,2023-07-02,2023-10-26
GH-00913,Yam,Northern,2.83,25.1,190.4,6.26,1075.4,9845.4,2022-02-12,2022-11-20
GH-00588,Cassava,Volta,1.83,13.4,171.4,6.52,1153.0,19152.2,2023-05-26,2024-09-28
GH-01554,Cocoa,Central,1.4,12.9,110.4,5.94,1345.1,1141.2,2023-05-20,2023-12-08
GH-00916,Plantain,Western,1.81,25.5,173.5,4.93,2058.7,6943.3,2022-07-31,2022-12-13
GH-01809,Cocoa,Western,2.57,34.7,258.1,5.69,1613.9,609.7,2022-10-25,2023-05-31
GH-01657,Rice,Central,0.73,19.7,101.1,6.88,1187.4,,2023-09-30,2024-02-18
GH-01328,Yam,Upper East,1.86,48.4,129.0,6.41,920.5,13512.9,2022-04-24,2022-11-02
GH-00257,Groundnut,Eastern,3.13,26.5,222.5,4.93,1302.2,1015.3,2023-01-06,2023-05-26
GH-01302,Cocoa,Eastern,0.52,25.8,149.8,5.16,1530.4,618.4,2022-04-28,2023-01-30
GH-00694,Cocoa,Upper West,1.12,48.3,135.3,6.89,967.7,755.7,2022-12-25,2023-08-05
GH-01243,Groundnut,Central,0.73,16.2,167.8,4.86,1130.6,1175.8,2022-07-12,2022-10-17
GH-01510,Cocoa,Ashanti,2.92,28.4,290.6,5.52,1467.0,412.6,2023-04-02,2023-10-12
GH-01808,Yam,Volta,0.68,48.2,139.1,6.44,1216.2,8489.7,2023-11-22,2024-05-23
GH-00121,Soybean,Greater Accra,2.15,19.0,226.3,4.59,1246.1,,2023-12-19,2024-04-07
GH-01740,Cassava,Upper East,,10.7,121.1,7.25,1066.2,17425.1,2023-03-09,2024-06-09
GH-01028,Cassava,Upper East,2.07,37.4,136.8,5.66,1020.4,18484.5,2023-02-23,2024-07-24
GH-01732,Cassava,Upper West,3.12,35.7,189.7,5.4,1110.2,11891.0,2023-06-21,2024-02-18
GH-01509,Soybean,Eastern,2.4,17.0,277.7,5.95,1593.5,2304.9,2022-08-26,2022-12-08
GH-01676,Yam,Eastern,1.09,34.9,173.7,6.84,1668.9,15245.3,2022-03-20,2022-11-25
GH-01292,Yam,Ashanti,1.45,44.1,286.2,5.04,1581.5,6463.0,2023-08-29,2024-03-18
GH-01381,Plantain,Upper East,2.04,30.5,152.7,5.67,905.7,,2022-09-20,2023-01-06
GH-00671,Maize,Upper West,1.72,27.6,62.1,6.2,997.2,,2023-03-18,2023-07-20
GH-01146,Plantain,Greater Accra,0.84,11.3,83.4,5.87,1074.0,10495.2,2022-07-02,2022-10-03
GH-01603,Rice,Ashanti,1.98,48.0,191.8,5.23,1943.1,3627.2,2023-01-18,2023-06-09
GH-00874,Maize,Brong Ahafo,0.68,34.0,122.9,5.45,1220.5,3081.4,2022-12-25,2023-05-22
GH-00228,Plantain,Ashanti,2.92,39.0,236.9,6.61,1862.5,13545.5,2023-10-19,2024-02-21
GH-00442,Soybean,Upper West,0.53,31.2,88.4,6.61,1059.0,2307.4,2023-12-09,2024-04-02
GH-01108,Plantain,Upper West,2.36,25.6,223.7,7.23,1098.3,10812.9,2023-04-11,2023-07-15
GH-00836,Cocoa,Upper West,2.41,27.3,95.9,5.56,1142.5,1122.3,2022-11-11,2023-06-02
GH-01628,Maize,Ashanti,2.13,22.1,135.5,7.1,1502.1,3435.3,2022-03-03,2022-07-29
GH-01484,Maize,Greater Accra,,18.4,287.9,7.23,805.5,2826.2,2023-03-04,2023-07-23
GH-01883,,Western,1.55,38.7,88.9,7.38,1772.9,2756.0,2022-10-16,2023-02-16
GH-00155,Yam,Upper East,0.99,38.3,78.5,6.74,1044.5,15742.3,2023-12-16,2024-09-21
GH-00959,Rice,Volta,1.44,25.4,113.8,5.25,1209.8,2158.0,2023-08-19,2024-01-06
GH-01825,Yam,Brong Ahafo,0.62,44.9,,5.32,1310.3,7601.6,2023-10-06,2024-02-14
GH-00879,Yam,Northern,1.86,40.0,224.7,6.28,1033.4,12043.0,2023-08-08,2024-03-12
GH-01021,Groundnut,Upper East,2.69,20.8,62.6,5.37,961.4,2483.4,2022-07-05,2022-11-09
GH-00785,Rice,Central,0.95,38.8,175.5,5.03,1156.7,3589.7,2023-04-27,2023-08-03
GH-00517,Soybean,Upper East,1.11,,222.1,5.22,1090.6,1158.0,2022-01-21,2022-05-30
GH-01962,Maize,Central,2.95,5.1,122.1,4.56,1392.5,1847.1,2022-10-25,2023-03-14
GH-00579,Rice,Brong Ahafo,2.86,22.2,75.2,6.3,1277.9,2866.5,2022-09-02,2022-12-30
GH-01670,Cocoa,Eastern,1.87,7.3,199.2,7.36,1284.3,533.0,2023-06-08,2024-03-20
GH-00037,Cocoa,Brong Ahafo,0.92,13.0,282.4,6.13,1191.3,622.8,2022-11-29,2023-08-24
GH-01543,Cocoa,Volta,3.01,43.2,,4.7,1246.2,522.1,2023-10-08,2024-06-06
GH-00510,Rice,Eastern,2.04,44.8,171.5,7.29,1454.9,4506.8,2023-11-10,2024-04-05
GH-01160,Cocoa,Eastern,2.69,25.2,217.4,5.24,1683.8,1163.9,2022-01-27,2022-09-20
GH-00881,Yam,Northern,3.23,12.9,85.0,5.69,1148.2,,2022-07-14,2023-03-02
GH-01541,Groundnut,Eastern,,36.5,203.9,6.98,1267.8,1057.5,2023-08-18,2023-12-03
GH-01786,Soybean,Volta,2.16,36.1,196.8,6.47,1036.6,1992.2,2023-10-12,2024-02-28
GH-00648,Maize,Upper West,1.74,26.0,223.9,4.92,1100.5,2695.9,2022-03-27,2022-07-24
GH-00730,Cocoa,Greater Accra,1.55,22.7,235.7,7.43,1095.1,857.2,2023-06-19,2024-03-08
GH-01891,Rice,Ashanti,1.26,27.2,241.0,7.01,1630.1,4151.9,2022-09-19,2023-02-11
GH-00042,Groundnut,Northern,0.89,15.6,114.0,6.01,1107.6,1283.3,2023-05-04,2023-09-16
GH-01214,Plantain,Northern,0.58,36.9,109.8,5.28,1145.0,7730.4,2023-05-08,2023-08-28
GH-01770,Yam,Eastern,1.62,41.0,212.7,5.84,1324.1,9095.7,2023-02-19,2023-11-28
GH-01702,Plantain,Greater Accra,3.11,36.6,224.6,4.96,996.8,11957.5,2022-11-23,2023-04-01
GH-01934,Cassava,Northern,0.99,43.6,292.2,4.63,1049.6,16623.2,2022-10-04,2023-10-25
GH-00043,Rice,Brong Ahafo,2.53,47.5,151.8,7.16,1329.4,4144.1,2022-11-11,2023-02-09
GH-01211,Maize,Ashanti,1.22,23.0,111.9,5.27,1370.3,2405.9,2023-04-07,2023-07-17
GH-00003,Yam,Central,3.15,5.3,275.5,5.71,1028.4,15619.9,2022-04-03,2023-01-21
GH-00582,Maize,Northern,2.66,27.7,164.0,7.3,1041.1,3160.4,2023-02-05,2022-10-18
GH-01242,Cocoa,Eastern,2.54,37.2,,5.58,1671.8,1003.5,2023-11-26,2024-06-27
GH-01694,,Brong Ahafo,1.39,18.6,161.8,4.68,1366.4,2213.4,2022-08-28,2022-12-16
GH-00778,Soybean,Western,2.83,6.5,124.6,6.83,1581.1,2542.8,2022-02-23,2022-06-25
GH-00582,Maize,Northern,2.66,27.7,164.0,7.3,1041.1,3160.4,2022-10-18,2023-02-05
GH-00502,Yam,Greater Accra,1.99,9.5,213.6,6.94,795.3,17728.7,2022-01-20,2022-09-12
GH-00511,Maize,Volta,1.82,15.4,216.0,6.9,1253.6,,2023-12-18,2024-05-11
GH-01663,,Upper West,3.32,49.6,131.9,5.14,989.8,1065.5,2022-06-19,2023-03-11
GH-01488,Maize,Volta,2.46,13.3,273.2,6.8,1080.6,3688.8,2023-05-18,2023-08-30
GH-00686,Plantain,Northern,2.96,19.8,76.1,6.98,1104.1,8755.1,2023-03-31,2023-08-20
GH-00823,Plantain,GA,0.55,47.7,79.0,7.0,929.6,9768.4,2023-07-16,2023-11-20
GH-00179,Maize,Ashanti,1.04,45.7,251.7,6.61,1452.5,2080.9,2023-04-30,2023-08-03
GH-00009,Groundnut,Greater Accra,1.07,19.6,168.7,5.96,1233.2,1455.6,2023-12-21,2024-03-22
GH-00973,Maize,Central,2.49,23.4,233.3,5.97,1444.0,4319.5,2023-04-28,2023-09-06
GH-01573,Plantain,Central,0.91,34.2,296.7,7.12,1138.4,6321.0,2023-07-20,2023-11-15
GH-01929,Soybean,Central,2.93,45.8,171.9,6.98,1457.8,1768.2,2023-09-09,2024-01-13
GH-00695,Rice,Ashanti,,33.6,290.5,7.41,1928.5,4834.8,2022-02-05,2022-05-19
GH-00675,Cocoa,Upper West,3.14,12.9,81.5,6.53,1127.7,913.5,2023-08-23,2024-05-12
GH-00011,Cassava,Upper East,2.65,11.4,254.6,4.74,1092.6,15186.0,2023-02-05,2024-05-18
GH-01589,Groundnut,Upper East,1.59,15.8,297.7,5.5,1064.6,2079.0,2022-05-16,2022-09-14
GH-01939,Rice,Brong Ahafo,2.28,46.6,88.0,6.89,,3914.3,2022-04-24,2022-08-09
GH-00990,Soybean,Central,2.6,43.6,145.7,4.71,1122.1,1729.5,2022-04-17,2022-08-14
GH-00873,Rice,Eastern,3.35,5.6,224.5,7.01,,2901.1,2023-03-10,2023-07-28
GH-00469,Yam,Upper West,2.16,42.6,162.5,5.03,1095.4,8797.1,2022-04-10,2023-06-21
GH-00378,Maize,Upper East,3.22,32.8,262.5,5.3,1084.5,3398.8,2022-10-05,2023-02-17
GH-00886,Yam,Brong Ahafo,3.0,41.7,231.4,4.98,1178.9,17790.8,2023-05-24,2024-01-06
GH-01383,Cassava,Volta,0.78,48.4,117.6,6.35,1323.0,17142.7,2024-01-09,2023-03-17
GH-00407,,Central,1.44,31.3,142.2,6.57,1253.0,13119.9,2023-01-28,2023-05-27
GH-00526,Groundnut,Brong Ahafo,3.23,23.9,173.0,5.78,1210.5,1977.0,2023-03-10,2023-07-17
GH-01307,Soybean,Western,,25.5,239.7,5.73,1557.6,2296.7,2022-08-27,2022-12-14
GH-00305,Rice,Brong Ahafo,2.14,22.9,220.1,4.97,1300.4,2589.8,2023-12-01,2024-03-05
GH-01063,Groundnut,Western,2.51,8.5,89.1,7.29,1988.3,1342.5,2022-07-02,2022-10-08
GH-01714,Yam,Upper West,1.42,43.2,204.1,5.75,905.1,14141.6,2023-05-30,2023-12-25
GH-01312,Rice,Upper West,3.2,18.6,252.8,6.39,968.3,4074.7,2023-10-30,2024-02-23
GH-00661,Soybean,Greater Accra,2.04,10.0,295.5,5.57,965.7,1084.4,2023-03-06,2023-07-22
GH-01469,Cocoa,Northern,2.03,45.9,88.3,5.86,1004.8,1117.3,2022-04-22,2023-01-04
GH-00134,Yam,Brong Ahafo,1.92,38.9,168.5,5.77,1265.8,8616.9,2022-07-08,2023-01-29
GH-00993,Rice,Ashanti,3.21,47.6,202.1,6.8,1644.2,2085.8,2022-07-05,2022-11-13
GH-01034,Plantain,Upper West,,35.8,194.2,7.37,1075.1,9178.4,2023-11-04,2024-03-10
GH-01968,Soybean,Volta,1.46,35.4,248.0,6.06,1313.7,1625.1,2023-03-04,2023-06-21
GH-00400,Maize,Northern Region,2.93,,151.1,7.36,1113.3,1965.9,2022-04-30,2022-08-05
GH-01646,Cassava,Central,3.29,14.9,215.1,6.02,1047.5,19371.3,2022-12-22,2023-11-24
GH-00775,Rice,Western,2.46,45.3,179.8,6.4,1846.7,3611.6,2022-04-16,2022-07-23
GH-01061,Maize,Northern,2.44,39.2,77.5,7.21,1025.3,3670.1,2022-08-04,2022-12-07
GH-01209,Maize,Greater Accra,0.6,16.7,145.3,5.79,1067.4,2666.9,2022-11-04,2023-02-18
GH-01661,Cassava,Upper West,0.82,46.3,95.2,7.18,1071.5,17595.1,2022-01-17,2023-04-02
GH-00301,Maize,Greater Accra,0.64,14.3,78.9,4.66,1027.4,4115.6,2022-04-28,2022-09-11
GH-00220,Groundnut,Greater Accra,3.07,27.6,63.7,4.76,1095.0,1103.6,2022-11-22,2023-04-11
GH-00095,Plantain,Upper West,3.22,16.5,250.8,4.57,,7276.1,2022-02-13,2022-05-17
GH-01343,Groundnut,Volta,2.2,33.6,272.2,6.97,1356.2,2359.3,2023-01-24,2023-06-15
GH-00430,Cocoa,Upper West,1.64,9.2,69.1,6.02,1152.7,746.1,2023-04-22,2023-11-09
GH-01153,Cocoa,Greater Accra,3.07,15.2,280.4,7.29,1215.7,504.6,2022-08-19,2023-05-17
GH-00035,Plantain,Western,3.03,18.8,254.4,5.22,1870.4,8220.3,2022-03-01,2022-06-17
GH-00585,Plantain,Greater Accra,2.92,33.0,295.4,5.07,885.7,8512.8,2022-07-21,2022-12-14
GH-00258,Plantain,Greater Accra,3.42,39.6,200.6,7.26,1005.7,8464.5,2022-10-30,2022-06-14
GH-00972,Groundnut,Upper West,3.48,15.0,118.7,7.03,956.4,1230.2,2023-06-16,2023-11-03
GH-01452,Yam,Northern,2.0,8.6,167.9,4.58,1101.8,13614.8,2023-05-13,2024-01-06
GH-01231,Groundnut,Western,,27.5,96.1,6.22,1645.3,1042.4,2023-02-04,2023-07-11
GH-00243,Cocoa,Northern,1.94,47.8,122.2,6.85,1115.8,766.7,2023-10-16,2024-07-20
GH-01466,Plantain,Eastern,2.84,47.1,158.4,4.86,1354.2,13913.4,2023-11-29,2024-04-10
GH-00350,Groundnut,Western,2.84,32.1,270.6,5.15,1995.5,2210.1,2023-01-03,2023-04-08
GH-00156,Rice,Central,2.43,35.9,179.6,5.09,1160.7,4488.2,2023-02-14,2023-07-12
GH-00292,Cassava,Eastern,,23.6,260.5,5.79,1367.2,17013.0,2022-11-29,2023-11-08
GH-00173,Cassava,Upper West,3.35,,116.1,6.11,967.4,9939.1,2023-06-25,2024-05-09
GH-00424,Cassava,Eastern,1.57,46.8,107.0,6.55,1697.7,14763.4,2022-07-21,2023-10-14
GH-00740,Cocoa,Central,0.98,22.7,245.9,6.67,1231.6,1151.1,2022-04-23,2022-11-06
GH-01907,Yam,Upper East,1.46,42.8,281.7,6.1,1033.5,6660.6,2023-08-31,2024-06-21
GH-01170,Cassava,Brong Ahafo,0.91,,182.0,6.96,1298.7,18330.4,2023-04-17,2024-06-18
GH-00457,Plantain,Ashanti,,39.8,166.9,7.02,1899.4,8292.7,2022-11-16,2023-03-07
GH-00295,Rice,Ashanti,2.68,43.4,177.7,5.69,1381.4,3685.0,2022-10-20,2023-03-12
GH-00492,Yam,Eastern,1.66,49.2,120.8,6.91,1302.6,15096.9,2023-05-31,2023-12-31
GH-01227,Groundnut,Greater Accra,0.66,32.5,,5.93,1226.6,2403.0,2022-06-17,2022-10-02
GH-00869,Groundnut,Brong Ahafo,1.11,17.1,189.4,5.28,1379.4,1389.8,2022-04-28,2022-09-19
GH-01652,Plantain,Western,1.45,5.5,60.1,4.8,1870.0,6753.9,2023-03-27,2023-07-02
GH-00646,Yam,Upper East,,28.2,55.6,7.02,1017.7,6119.7,2022-09-30,2023-06-12
GH-00507,Soybean,Ashanti,2.92,34.4,299.0,4.87,1514.8,2379.2,2023-01-17,2023-05-24
GH-01196,Yam,Eastern,3.19,35.5,288.7,6.25,1585.1,17256.9,2022-11-01,2023-08-03
GH-00419,Soybean,Volta,3.3,17.9,55.3,4.77,1344.3,1578.6,2023-03-16,2023-06-26
GH-00687,Plantain,Eastern,1.71,7.4,270.3,6.95,1696.3,9472.9,2022-07-15,2022-11-22
GH-01685,,Northern,0.61,41.2,106.4,7.49,1032.4,2414.9,2022-05-11,2022-08-09
GH-01978,Cassava,Upper East,0.62,33.7,120.2,5.17,1000.7,,2023-06-19,2024-05-29
GH-00212,Groundnut,Northern,3.06,26.4,256.1,6.07,1045.1,984.9,2023-07-30,2023-11-26
GH-00251,Plantain,Northern,3.48,36.8,127.5,6.04,1101.5,6538.5,2023-05-29,2023-08-27
GH-01679,Plantain,Northern,2.08,48.3,212.3,4.62,1011.7,11921.8,2022-09-06,2022-12-18
GH-01839,Soybean,Volta,1.81,,155.0,6.48,1127.3,1077.2,2022-10-09,2023-01-18
GH-01959,Yam,Brong Ahafo,2.49,6.2,298.2,4.72,1190.7,12848.8,2023-04-18,2024-01-16
GH-01178,Soybean,Upper West,0.55,40.6,280.9,6.54,905.5,1432.5,2022-02-19,2022-06-30
GH-01724,Rice,Greater Accra,1.77,35.8,76.3,5.77,1219.1,3133.7,2023-07-28,2023-11-22
GH-00275,Maize,Ashanti,3.21,15.9,156.9,6.65,1795.2,1685.4,2023-06-26,2023-10-10
GH-00221,Cassava,Eastern,2.31,5.6,183.9,6.78,1328.0,19789.1,2023-10-02,2025-03-16
GH-00020,Cassava,Western,,32.0,,7.44,1738.3,14264.3,2023-01-03,2023-11-04
GH-01616,Cassava,Upper West,1.92,36.2,281.6,6.54,1086.4,8555.4,2023-01-29,2024-05-09
GH-00478,Soybean,Central,1.25,35.3,105.4,6.48,1221.9,1181.0,2022-05-22,2022-08-28
GH-01200,Yam,Upper East,3.09,33.4,86.7,7.11,1051.8,8393.5,2022-10-04,2023-04-11
GH-00039,Maize,Western,3.13,25.0,67.3,6.93,2008.5,1994.6,2022-11-13,2023-04-06
GH-00645,Soybean,Upper West,2.76,19.0,244.9,4.54,1050.6,1952.6,2022-08-15,2022-11-29
GH-00600,Plantain,Upper West,1.31,15.6,115.8,6.99,1070.7,8165.1,2023-03-25,2023-06-28
GH-01675,Maize,Ashanti,0.91,35.2,253.9,6.33,1375.7,,2023-07-20,2023-11-23
GH-01111,Maize,Upper West,1.55,13.9,51.6,7.32,1078.3,,2022-07-26,2022-11-08
GH-00856,Yam,Eastern,1.59,17.2,164.7,5.35,1388.8,9044.3,2023-01-22,2023-09-06
GH-00208,,ASH,1.69,6.9,183.9,6.16,1696.4,1012.1,2023-01-02,2023-10-21
GH-00244,Maize,Upper West,2.41,14.4,196.4,5.56,911.5,3068.9,2023-12-14,2024-05-03
GH-01512,Groundnut,Central,2.92,10.6,99.4,6.53,1218.8,,2022-06-22,2022-10-12
GH-01707,Cassava,Central,1.91,33.4,110.1,5.6,1144.5,13174.4,2022-09-15,2024-02-27
GH-01103,Cocoa,Northern,2.41,5.1,116.2,5.7,1145.5,711.3,2022-11-22,2023-08-09
GH-01654,Groundnut,Ashanti,1.54,30.1,247.7,7.29,1832.0,1523.2,2023-12-01,2024-03-25
GH-01491,Maize,Eastern,1.14,37.9,153.9,6.35,1284.8,3225.1,2023-03-01,2023-07-11
GH-01826,Yam,Eastern,3.4,11.2,207.6,5.94,1717.8,9449.5,2023-12-11,2024-07-31
GH-00826,Cocoa,Greater Accra,2.62,39.4,97.0,6.35,913.3,984.4,2022-08-31,2023-04-22
GH-01965,Yam,Western,1.13,31.7,154.8,4.53,1729.5,16183.5,2023-02-09,2023-11-13
GH-01435,Cocoa,Brong Ahafo,0.6,48.2,202.7,6.01,1387.3,790.9,2022-05-10,2023-02-27
GH-00059,Cassava,Brong Ahafo,1.06,13.8,196.4,5.82,1280.0,18198.5,2022-12-14,2023-12-22
GH-00079,Groundnut,Ashanti,0.76,18.8,192.8,5.01,1811.4,1921.7,2023-02-20,2023-06-25
GH-01772,Cassava,Brong Ahafo,0.54,27.7,265.7,5.51,1226.2,17302.8,2023-12-22,2025-04-15
GH-01823,Cocoa,Central,0.57,40.9,236.5,6.43,1345.3,905.6,2022-09-19,2023-06-21
GH-01088,Soybean,Ashanti,2.17,5.7,234.9,4.56,1461.7,1542.3,2022-04-07,2022-07-08
GH-01042,,Upper West,3.33,10.6,82.2,6.31,1130.4,2794.1,2022-08-11,2022-12-12
GH-00153,Maize,Brong Ahafo,2.08,8.7,299.9,7.29,1254.6,,2023-06-16,2023-09-24
GH-01955,Cassava,Brong Ahafo,1.3,19.3,289.9,6.13,1225.3,18946.4,2022-03-09,2023-02-03
GH-01674,Maize,Eastern,2.69,,65.7,6.94,1534.9,1583.9,2022-05-28,2022-09-21
GH-00506,,Ashanti,0.75,20.6,299.6,4.97,1284.5,3972.6,2022-07-16,2022-10-26
GH-01206,Plantain,Brong Ahafo,1.24,14.6,163.5,7.41,1183.3,5088.8,2022-03-21,2022-07-05
GH-00721,Rice,Greater Accra,1.62,45.1,201.7,6.86,1108.9,2378.3,2023-07-30,2023-12-22
GH-00119,Soybean,Northern,2.2,34.7,53.1,7.04,1036.4,2648.7,2023-12-15,2024-03-14
GH-01101,Cassava,Ashanti,1.38,46.8,261.2,6.07,1338.1,17710.2,2022-02-03,2022-12-27
GH-00828,Rice,Eastern,0.9,40.1,87.1,7.45,1597.4,4144.0,2022-06-13,2022-10-16
GH-00657,Groundnut,Eastern,1.99,36.0,282.4,7.13,1539.8,1533.4,2023-07-21,2023-11-25
GH-00052,Plantain,Ashanti,3.1,33.1,97.4,6.27,1594.1,7447.0,2022-11-28,2023-04-04
GH-00690,Rice,Upper East,1.73,20.8,264.2,6.43,910.7,4159.0,2023-07-10,2023-10-20
GH-00320,Plantain,Northern,2.42,32.0,238.8,4.93,1080.3,13388.5,2022-06-13,2022-09-21
GH-00477,Maize,Eastern,2.08,19.6,293.2,4.82,1731.8,4333.3,2023-10-27,2024-03-07
GH-01911,Cocoa,Upper East,0.77,30.2,79.1,7.15,993.6,1167.0,2023-07-21,2024-01-23
GH-01879,,Volta,2.69,34.2,230.3,5.89,1218.4,953.2,2023-07-15,2024-04-24
GH-00491,Soybean,GA,2.38,22.0,181.0,7.06,1159.3,1178.2,2023-10-30,2024-02-18
GH-01609,Plantain,Upper East,1.35,,,7.39,1074.4,8553.4,2022-03-25,2022-08-08
GH-01013,Plantain,Greater Accra,2.23,49.2,251.4,4.96,832.1,8092.5,2023-11-18,2024-04-11
GH-00086,Cassava,Volta,2.56,33.3,238.1,7.46,1141.2,13284.3,2022-02-12,2023-07-10
GH-00062,Groundnut,Upper West,,33.6,66.4,5.68,,1658.9,2022-02-09,2022-12-18
GH-00421,Rice,Eastern,3.13,38.7,275.6,6.35,1346.7,4880.6,2022-12-05,2023-03-18
GH-00390,Maize,Greater Accra,2.12,43.6,269.4,6.61,1224.9,2566.6,2022-01-21,2022-06-10
GH-00676,Yam,Upper East,2.69,28.1,80.8,6.78,1052.6,17632.5,2022-07-16,2023-03-24
GH-00802,Plantain,Greater Accra,2.74,16.8,54.6,4.89,,8708.9,2022-06-19,2022-10-23
GH-01287,Rice,Northern,1.44,36.6,178.1,7.39,1070.7,3995.1,2023-05-10,2023-08-23
GH-01890,Yam,Ashanti,2.98,17.1,,4.81,1677.8,,2023-10-30,2024-08-07
GH-00171,Soybean,Central,2.78,43.8,180.0,4.58,1058.8,1465.8,2022-04-08,2022-08-08
GH-00211,Groundnut,Central,1.68,12.7,,5.16,1083.0,2323.5,2023-03-15,2023-08-04
GH-01572,Soybean,Brong Ahafo,1.94,30.5,77.0,5.84,1234.0,1628.3,2022-06-25,2022-10-12
GH-01600,Yam,Brong Ahafo,2.52,11.4,239.4,6.73,1374.0,13738.3,2023-02-18,2023-10-04
GH-00742,Plantain,Greater Accra,2.32,20.6,98.8,6.27,1073.3,14212.5,2023-02-26,2023-07-21
GH-00870,Plantain,Eastern,0.63,24.5,267.1,6.65,1591.7,7083.9,2022-11-24,2023-02-24
GH-00532,,Ashanti,1.62,19.3,169.7,6.57,1926.6,1709.6,2022-06-18,2022-09-26
GH-00214,Groundnut,Northern,1.43,11.3,94.9,6.5,1116.5,2075.6,2022-05-17,2022-09-29
GH-00989,Rice,Central,0.87,42.1,172.3,5.76,1255.0,3076.8,2023-04-22,2023-09-18
GH-00288,Yam,Volta,1.59,22.0,263.6,6.14,1084.2,17552.9,2022-03-10,2022-10-07
GH-00403,Cassava,Western,1.45,32.6,255.2,6.19,2034.4,13787.0,2023-06-21,2024-06-26
GH-00341,Cassava,Western,2.05,29.9,192.3,4.69,1854.9,15460.6,2022-07-14,2023-10-24
GH-00591,Maize,Western,2.73,41.6,93.9,5.18,1821.3,2764.9,2023-06-09,2023-10-09
GH-01169,Cassava,Central,3.35,15.8,295.6,5.57,1223.8,11385.7,2022-01-08,2022-10-29
GH-01405,,Volta,,29.1,,6.73,1356.9,3508.5,2023-03-25,2023-07-18
GH-01280,Cocoa,Central,,38.3,53.9,5.99,1077.3,560.9,2022-09-21,2023-04-07
GH-01431,Maize,Northern,0.64,25.1,52.7,5.34,1003.9,1992.0,2023-10-04,2024-01-29
GH-01276,Soybean,Western,,24.8,237.3,6.64,1784.5,1932.1,2023-04-24,2023-08-21
GH-01363,,Central,1.14,11.0,111.0,6.88,1180.1,2588.8,2022-08-20,2023-01-03
GH-00497,Cassava,Eastern,2.68,22.2,163.1,6.3,1485.3,18350.0,2023-03-25,2024-05-02
GH-00300,Soybean,Upper East,1.89,29.5,77.9,6.01,960.5,1765.9,2023-09-20,2023-12-22
GH-01082,Yam,Brong Ahafo,2.33,40.5,122.9,6.26,1273.6,6671.5,2023-09-10,2024-04-09
GH-01085,Plantain,Central,2.21,33.0,93.1,6.66,1443.5,11974.7,2022-12-18,2023-03-23
GH-00460,Cassava,Brong Ahafo,0.93,,272.0,5.57,1234.8,16460.2,2022-07-04,2023-11-28
GH-00986,Rice,Ashanti,2.47,9.4,230.0,5.51,1267.5,3269.9,2022-05-29,2022-10-22
GH-00540,Rice,Western,,43.7,279.4,6.89,1768.2,4033.7,2022-05-02,2022-09-15
GH-00622,Rice,Volta,,18.1,,5.24,1171.0,4821.9,2023-03-12,2023-08-04
GH-00921,Yam,Brong Ahafo,2.16,45.5,187.3,6.43,1341.2,17257.4,2022-11-29,2023-08-30
GH-01963,Rice,Western,0.56,17.7,114.2,6.21,1676.3,,2023-08-29,2023-12-16
GH-01034,Plantain,Upper West,,35.8,194.2,7.37,1075.1,9178.4,2023-11-04,2024-03-10
GH-00763,Yam,Greater Accra,1.85,7.6,226.5,6.71,943.6,13096.3,2023-01-04,2023-08-12
GH-01777,Rice,Eastern,1.66,32.3,201.9,5.05,1534.0,2517.0,2023-11-22,2024-04-15
GH-00807,Soybean,Western,3.21,29.8,167.3,4.53,2000.9,2236.4,2022-05-22,2022-08-29
GH-00273,Soybean,Brong Ahafo,0.93,36.0,88.1,6.58,1353.8,2491.5,2022-03-04,2022-07-16
GH-01086,,Greater Accra,2.45,7.2,194.9,4.72,885.2,,2022-11-22,2023-03-23
GH-01433,Plantain,Eastern,2.11,,255.4,5.11,1597.9,11056.5,2022-12-02,2023-04-11
GH-00180,Cassava,Greater Accra,1.88,8.1,89.2,5.52,1110.6,,2022-11-24,2023-09-12
GH-00952,Cocoa,Brong Ahafo,2.99,14.9,285.5,5.85,1136.5,1152.5,2022-11-11,2023-07-08
GH-00722,Cassava,Western,2.4,,80.0,7.34,1578.4,13247.6,2022-07-18,2023-11-13
GH-00983,Cocoa,Central,2.47,38.8,207.6,4.97,1152.8,720.3,2022-08-16,2023-05-08
GH-01044,Maize,Central,3.27,9.9,273.5,6.88,1061.4,3522.1,2023-06-14,2023-10-27
GH-00574,Rice,Eastern,,49.4,276.2,5.3,1458.4,3685.3,2023-06-24,2023-10-30
GH-01026,Plantain,Eastern,,33.4,73.1,5.91,1285.0,13535.6,2022-08-13,2022-12-23
GH-00201,Groundnut,Brong Ahafo,1.14,43.0,299.5,6.0,1175.7,1268.4,2022-06-26,2022-11-01
GH-00125,Yam,Western,,21.9,271.7,6.55,1697.4,13356.2,2022-08-16,2023-02-21
GH-00749,Maize,Volta,1.74,47.4,82.0,5.25,1197.4,3972.1,2022-11-21,2023-04-17
GH-00884,Soybean,Upper East,3.14,11.2,73.8,6.57,923.0,2428.2,2023-10-13,2024-01-20
GH-00218,Yam,Brong Ahafo,3.38,10.2,251.9,6.36,1176.4,12086.9,2023-03-04,2023-10-20
GH-00595,Cocoa,Ashanti,1.15,14.7,78.3,5.91,1875.8,644.6,2022-11-26,2022-03-19
GH-00287,Maize,Northern,2.41,26.3,183.9,7.24,1060.8,3884.2,2022-05-01,2022-09-24
GH-00081,Groundnut,Northern,2.5,8.2,180.8,6.28,,1056.1,2022-05-30,2022-10-14
GH-00669,Yam,Greater Accra,3.07,19.0,236.2,6.8,1075.0,8980.9,2022-07-11,2023-03-27
GH-01425,Soybean,Eastern,2.44,18.4,,6.75,1602.7,2034.9,2022-05-09,2022-01-10
GH-01549,Yam,Central,2.0,39.0,227.2,4.71,1226.6,12250.0,2022-11-11,2023-07-03
GH-00071,Rice,Upper East,3.29,23.1,283.2,5.02,951.8,4586.9,2023-02-09,2023-06-02
GH-01943,Plantain,Central,1.03,37.2,233.5,6.28,1024.7,8348.6,2023-11-25,2024-04-12
GH-01476,Soybean,Ashanti,3.17,40.0,228.9,5.08,1563.4,2556.1,2022-11-12,2023-03-05
GH-00654,Yam,Upper West,0.57,18.3,130.6,7.0,1078.7,12091.8,2023-02-08,2023-11-20
GH-00092,Cocoa,Upper East,0.59,46.0,220.4,5.43,1069.3,,2023-12-31,2024-08-17
GH-01647,Groundnut,Volta,2.53,37.8,232.6,5.51,1269.6,2299.9,2023-01-27,2023-06-13
GH-00541,Groundnut,Western,1.26,36.3,99.4,5.93,,1400.7,2022-05-29,2022-10-02
GH-00568,Soybean,Upper East,1.72,16.4,159.6,5.16,999.7,1979.7,2022-06-01,2022-10-07
GH-01241,Yam,Upper East,0.55,41.6,276.5,6.87,1026.8,7233.8,2023-12-31,2024-08-14
GH-01597,Cocoa,Greater Accra,3.48,50.0,80.1,6.54,815.6,768.8,2022-10-26,2023-05-01
GH-00302,Maize,Greater Accra,1.37,29.5,250.4,7.33,853.4,2685.7,2022-09-27,2023-02-06
GH-00949,Plantain,Eastern,,33.9,290.3,4.63,1400.8,13866.2,2022-12-20,2023-05-01
GH-00868,Plantain,Volta,1.74,21.1,,5.87,1111.7,8218.9,2023-08-22,2023-11-23
GH-01766,Soybean,Eastern,2.86,45.8,140.4,4.67,1376.0,2093.8,2023-05-02,2023-09-01
GH-00719,Soybean,Northern,2.99,7.3,217.1,6.31,,1178.0,2022-02-01,2022-05-22
GH-00084,Soybean,Eastern,2.13,15.5,115.3,7.21,1548.9,1401.0,2022-11-30,2023-03-15
GH-00653,Groundnut,Upper West,2.23,47.2,92.3,6.1,1004.0,1263.5,2023-10-09,2024-01-13
GH-00938,Yam,Brong Ahafo,1.16,14.9,164.0,5.18,1205.0,17809.7,2022-04-17,2022-11-29
GH-01671,Plantain,Brong Ahafo,1.69,,,7.26,1150.6,13349.5,2023-09-14,2023-12-14
GH-01990,Yam,Eastern,,20.3,84.5,4.98,1567.3,6547.2,2022-06-26,2023-04-03
GH-01125,Plantain,Upper East,3.48,,151.8,4.9,1050.7,6428.6,2023-01-16,2023-05-31
GH-00896,Cocoa,Western,2.35,24.4,223.3,6.63,2080.9,929.3,2022-03-03,2022-11-09
GH-00955,,Upper East,0.97,11.0,193.2,6.61,1042.4,9338.4,2022-09-16,2023-06-26
GH-00569,Groundnut,Volta,1.91,24.9,202.8,5.99,1140.0,2167.3,2022-03-13,2022-07-03
GH-01336,Plantain,Central,0.7,6.1,131.0,7.44,1407.8,7104.8,2023-12-12,2024-04-29
GH-00113,Soybean,Brong Ahafo,1.5,43.4,106.8,5.14,1128.2,2097.8,2023-01-20,2023-05-14
GH-01238,Soybean,Greater Accra,2.84,20.5,182.1,7.25,1192.8,2209.2,2022-01-23,2022-05-26
GH-01520,Yam,Northern,2.9,27.2,235.1,6.51,1051.8,14996.9,2023-11-02,2024-07-19
GH-00597,Yam,Ashanti,2.86,46.6,239.4,7.03,1297.2,10763.1,2023-12-24,2024-08-25
GH-00587,Plantain,Upper East,3.27,49.0,128.7,5.04,1013.8,,2023-04-27,2023-09-14
GH-00615,Plantain,Volta,1.88,29.4,275.6,6.16,1072.2,7166.2,2022-02-10,2022-06-01
GH-01128,Rice,Upper East,3.32,24.1,191.8,5.28,903.8,2507.8,2022-06-25,2022-10-17
GH-00538,Groundnut,Brong Ahafo,2.86,38.5,241.0,5.26,1382.0,1247.5,2022-06-10,2022-10-11
GH-01121,Rice,Upper West,0.93,8.2,,6.7,940.4,2640.5,2022-01-09,2022-04-29
GH-00766,Cassava,Brong Ahafo,2.15,17.2,213.7,6.14,1105.2,12872.9,2023-07-01,2024-07-01
GH-00253,Cocoa,Western,2.22,42.3,150.3,6.46,2087.5,830.1,2022-11-11,2023-08-07
GH-01828,Soybean,Ashanti,3.39,31.4,154.8,5.12,1448.8,2139.9,2022-07-25,2022-10-30
GH-01576,Groundnut,Western,3.43,17.6,99.7,5.18,1708.5,2361.2,2023-01-20,2023-04-22
GH-01860,Maize,Greater Accra,3.37,7.8,234.7,5.31,962.0,2732.8,2023-03-06,2023-07-26
GH-01831,Rice,Central,,22.4,224.5,6.74,1278.2,3034.3,2022-10-10,2023-02-12
GH-00254,Yam,Western,1.75,27.9,263.8,4.68,1927.2,11903.0,2023-03-12,2023-12-14
GH-00773,Maize,Volta,1.89,41.8,76.4,6.35,1055.6,3384.7,2023-02-02,2023-06-02
GH-01416,Cocoa,Brong Ahafo,1.51,33.0,260.8,6.29,1346.3,989.5,2022-11-29,2023-08-16
GH-01983,Cocoa,Western,2.91,46.7,123.5,5.36,1557.5,504.5,2022-04-26,2022-12-28
GH-00606,Cassava,Northern,1.55,46.3,268.7,4.88,1122.9,9194.6,2023-12-11,2025-04-28
GH-01843,Soybean,Volta,1.47,44.3,217.3,4.93,1121.6,1704.9,2023-05-02,2023-06-17
GH-00393,Soybean,Greater Accra,1.95,36.5,142.2,6.04,911.8,1559.2,2023-02-21,2023-06-11
GH-00026,Plantain,Volta,3.33,17.3,213.0,6.25,1043.9,10651.2,2022-11-04,2023-02-03
GH-00371,Cocoa,Upper West,2.51,28.9,275.7,6.09,1173.9,854.2,2023-08-13,2024-06-02
GH-01262,Cassava,Eastern,2.54,47.5,215.4,5.51,1646.5,14114.2,2023-06-08,2024-05-18
GH-01583,Yam,Greater Accra,1.93,19.9,64.1,5.82,1178.6,6478.1,2023-08-20,2024-04-26
GH-00735,Rice,Volta,2.64,,188.4,5.63,1104.8,4038.5,2023-03-26,2023-07-04
GH-01602,Groundnut,Upper East,1.42,9.2,222.2,6.5,995.9,1197.2,2023-02-13,2023-06-20
GH-00060,Yam,Western,2.16,41.9,180.3,5.94,1608.5,16139.3,2022-05-22,2023-02-14
GH-00557,Soybean,Volta,3.0,35.1,120.1,6.95,1173.4,1781.1,2022-03-27,2022-08-13
GH-00104,Cocoa,Western,1.16,22.9,126.1,5.88,1579.8,986.3,2022-09-09,2023-05-05
GH-01272,Plantain,Brong Ahafo,2.11,49.2,296.1,4.6,1318.0,14039.0,2022-04-30,2022-09-14
GH-00512,Rice,Brong Ahafo,3.49,23.2,182.0,5.8,1107.2,4406.5,2023-05-07,2023-08-09
GH-00057,Soybean,Ashanti,0.51,14.8,,6.0,1921.1,1110.0,2023-01-01,2023-05-28
GH-00489,Maize,Central,1.62,16.5,58.2,6.7,1220.0,3970.8,2023-08-18,2023-12-24
GH-01530,Cocoa,Northern,3.01,32.1,77.0,4.94,1034.0,606.2,2023-07-20,2024-05-09
GH-01729,Rice,Upper East,2.86,24.9,102.7,7.42,913.6,4591.4,2022-01-12,2022-04-30
GH-00992,Cocoa,Western,2.04,40.3,256.2,5.87,2017.8,527.7,2023-11-01,2023-01-30
GH-00556,Soybean,Northern,,26.4,109.8,6.4,1110.9,1540.7,2023-10-25,2024-02-21
GH-00488,Cocoa,Ashanti,2.38,10.1,124.4,5.82,,637.5,2022-10-04,2023-07-22
GH-01669,Groundnut,Ashanti,2.35,45.6,130.0,4.77,1584.9,1183.0,2022-01-11,2022-06-07
GH-00760,Groundnut,Brong Ahafo,2.25,9.4,219.7,6.04,1138.2,1949.6,2023-05-09,2023-09-02
GH-01876,Soybean,Brong Ahafo,1.73,25.2,63.9,7.02,1160.6,1089.3,2023-04-13,2023-08-10
GH-01393,Soybean,Brong Ahafo,2.38,32.0,214.9,5.47,1105.7,2187.5,2022-03-02,2022-07-28
GH-01062,Yam,Upper West,,32.9,230.3,7.25,1036.8,10580.3,2022-12-15,2023-07-09
GH-01780,Soybean,Upper West,3.15,37.3,123.4,6.4,1160.6,1171.8,2022-10-27,2023-03-13
GH-01210,Yam,Greater Accra,2.85,9.2,297.7,5.41,1043.2,16677.1,2022-06-23,2023-03-08
GH-01783,Soybean,Greater Accra,1.92,7.4,90.2,6.89,1090.0,1886.3,2023-01-10,2023-04-24
GH-00496,Groundnut,Volta,1.16,,239.0,4.81,1293.8,2458.6,2023-07-30,2023-12-06
GH-01429,Plantain,Upper West,2.14,39.4,236.3,4.6,1053.0,9939.1,2023-05-08,2023-09-13
GH-01806,Cassava,Brong Ahafo,2.54,40.8,,6.33,1291.3,18784.7,2022-03-24,2023-04-28
GH-01635,Yam,Volta,2.81,27.2,128.3,5.65,1091.8,,2023-06-23,2024-03-31
GH-00641,Plantain,Brong Ahafo,2.75,10.9,224.0,6.38,1238.8,7719.3,2022-08-21,2022-12-10
GH-01916,Rice,Upper West,0.68,44.3,163.0,5.0,981.1,2540.9,2023-09-27,2024-02-15
GH-01357,Cocoa,Upper West,1.41,38.4,223.3,5.56,935.3,493.6,2023-01-20,2023-08-21
GH-01930,Cassava,Volta,2.33,37.8,224.4,7.09,1331.4,14179.7,2022-08-14,2023-06-26
GH-01305,Rice,Western,0.82,33.7,131.1,5.74,1897.8,2293.1,2022-02-24,2022-06-02
GH-00831,Yam,Upper West,3.32,40.4,233.6,6.37,1076.8,7713.7,2023-07-05,2024-02-12
GH-01866,Rice,Greater Accra,2.21,44.7,239.7,4.56,1172.8,2184.6,2023-08-23,2023-12-23
GH-00224,Cocoa,Brong Ahafo,,32.3,252.4,5.21,1299.9,731.3,2023-04-19,2023-11-19
GH-01973,Cassava,Volta,0.57,20.4,100.5,5.43,1052.3,13122.6,2023-06-12,2024-09-03
GH-01752,Soybean,Central,,36.4,268.0,4.52,1002.8,1759.4,2023-08-22,2024-01-18
GH-00097,,Volta,2.67,12.7,120.9,4.54,1089.9,3679.7,2023-09-23,2023-12-26
GH-01872,Yam,Central,2.69,16.8,202.8,4.81,1163.4,17067.9,2023-06-14,2024-03-27
GH-01518,Cassava,Upper East,3.02,10.7,170.7,6.38,1079.1,19258.8,2023-09-20,2024-12-11
GH-01842,Plantain,Ashanti,3.03,47.9,231.9,5.8,1984.5,8563.0,2023-12-22,2024-04-17
GH-01406,Soybean,Eastern,1.39,43.7,136.3,5.04,1590.0,1484.2,2022-11-28,2023-04-09
GH-00459,Cassava,Upper East,2.57,27.8,165.9,5.38,1019.1,,2022-11-13,2023-07-25
GH-00070,Plantain,Volta,1.68,47.0,68.2,4.54,1260.6,6075.0,2022-07-19,2022-10-21
GH-00627,Yam,Eastern,1.54,34.9,185.2,5.37,,16450.0,2023-12-09,2024-08-08
GH-01217,Plantain,Upper West,3.47,7.4,170.3,4.75,1030.2,9241.6,2023-11-12,2024-03-14
GH-01281,Rice,Upper East,2.05,6.3,,5.76,1077.3,4721.7,2022-08-27,2023-01-02
GH-00637,Maize,Northern,,17.7,121.2,5.17,1125.2,3679.4,2023-09-27,2024-01-04
GH-01577,Groundnut,Central,1.71,21.6,110.1,5.93,1307.4,2122.2,2022-09-19,2023-02-03
GH-00515,Rice,Upper East,2.51,30.4,103.0,6.61,993.4,2136.7,2022-09-06,2022-12-28
GH-00860,,Northern,,27.9,122.7,6.52,1054.6,1998.6,2022-05-04,2022-09-10
GH-00463,Plantain,Volta,3.28,11.2,151.0,5.39,1148.9,10774.1,2022-08-04,2022-12-29
GH-00219,,Volta,2.79,42.6,177.2,5.38,1379.5,2792.5,2023-03-19,2023-06-24
GH-00110,Groundnut,Volta,1.6,23.5,249.6,7.22,1333.1,2062.7,2022-06-24,2022-10-05
GH-00837,Cassava,Greater Accra,2.7,5.3,,6.48,852.7,11311.3,2022-10-31,2023-10-21
GH-00699,Rice,Ashanti,3.04,5.9,196.9,6.51,1440.5,3957.0,2022-01-16,2022-05-27
GH-01946,Soybean,Northern,2.64,30.2,81.9,4.7,1092.5,1500.7,2022-11-29,2023-04-18
GH-01834,Cassava,Central,1.12,13.1,57.6,5.39,1325.9,13906.0,2023-06-08,2024-03-20
GH-00691,Rice,Brong Ahafo,2.44,36.8,281.9,6.33,1284.5,2066.4,2023-05-09,2023-08-24
GH-00720,Cocoa,Upper West,3.03,29.6,293.2,5.98,1119.4,746.7,2022-05-13,2023-01-01
GH-01788,Cocoa,Volta,3.48,45.1,257.4,5.54,1220.6,672.3,2022-07-05,2023-02-02
GH-01845,Plantain,Greater Accra,3.38,37.1,236.8,7.29,852.1,13863.3,2023-09-27,2024-02-10
GH-01438,Yam,Upper East,1.83,9.3,268.6,7.31,943.4,9851.7,2022-09-07,2023-05-09
GH-01677,Groundnut,Brong Ahafo,1.04,25.4,83.4,6.66,1388.2,2196.2,2022-12-12,2023-04-02
GH-01353,Groundnut,Eastern,0.73,43.6,215.9,5.91,1318.1,1122.6,2022-02-15,2022-06-29
GH-01851,Cassava,Volta,0.55,33.0,296.2,6.34,1330.5,17897.6,2023-04-27,2024-07-30
GH-01115,Groundnut,Upper East,2.53,15.0,131.7,5.15,903.2,801.9,2023-02-07,2023-06-08
GH-01889,Groundnut,Ashanti,0.71,10.1,58.9,6.32,1269.0,2477.1,2022-08-11,2022-12-18
GH-00610,,Brong Ahafo,1.53,15.8,172.7,4.99,1231.2,1975.4,2022-01-24,2022-04-24
GH-01795,Soybean,Brong Ahafo,3.21,34.2,241.7,5.99,1388.2,2455.9,2023-09-09,2024-01-07
GH-01502,Plantain,Central,2.92,41.8,237.1,5.41,1450.0,14699.4,2023-07-19,2023-10-18
GH-00824,,Northern,0.55,37.0,204.1,4.52,1040.0,1330.8,2022-10-08,2023-02-07
GH-00044,Soybean,Northern,3.33,,219.4,5.57,1025.2,2022.1,2022-10-23,2023-02-21
GH-01417,,Eastern,2.91,47.0,149.7,5.97,1362.4,3582.0,2022-11-06,2023-04-04
GH-00700,,Northern,,13.5,273.9,6.39,1046.0,18939.0,2023-02-25,2024-04-19
GH-01961,Rice,Northern,3.16,29.9,139.2,6.63,1087.2,3654.8,2023-01-21,2023-06-07
GH-01718,Cassava,Upper East,3.46,19.2,286.4,5.67,975.0,16689.2,2022-11-01,2023-09-10
GH-01422,Maize,Upper East,1.44,35.1,118.0,5.79,1082.0,4356.7,2022-12-20,2023-05-06
GH-00082,Cocoa,Central,,20.7,268.6,4.95,1283.7,1106.5,2023-03-04,2023-10-18
GH-01761,Soybean,Ashanti,0.54,48.0,273.0,6.46,1612.4,2047.5,2022-08-25,2023-01-06
GH-00830,Soybean,Ashanti,0.52,33.8,181.8,7.5,1695.9,2387.6,2023-07-22,2023-11-03
GH-00887,Maize,Central,2.43,49.3,70.3,4.52,1035.5,4095.4,2023-10-28,2024-02-21
GH-00762,Rice,Brong Ahafo,1.83,10.8,229.2,5.04,1390.4,4373.1,2022-08-11,2022-12-10
GH-01917,Cocoa,Ashanti,0.59,6.4,264.3,6.6,1472.7,450.3,2022-01-12,2022-09-24
GH-00573,Maize,Greater Accra,2.64,20.4,119.0,4.9,1090.4,,2022-12-26,2023-04-17
GH-00476,Soybean,Volta,2.25,7.8,54.9,6.04,1386.4,2588.7,2023-10-31,2024-03-08
GH-01123,Cassava,Greater Accra,3.05,20.1,209.9,6.39,1158.7,18788.3,2023-01-14,2024-05-10
GH-01050,Maize,Upper West,2.35,48.5,210.0,5.75,1014.9,2565.9,2023-11-12,2024-03-02
GH-01905,Groundnut,Volta,2.58,32.3,188.5,5.15,1124.4,1362.2,2022-12-23,2023-05-07
GH-01712,Maize,Ashanti,3.25,21.3,239.6,4.51,1567.2,3410.2,2022-04-06,2022-09-01
GH-01500,Groundnut,Western,0.58,31.3,278.4,5.75,1707.2,1692.9,2022-07-29,2022-12-25
GH-00601,Yam,Northern,1.2,19.0,106.1,6.11,1110.9,17595.8,2023-03-09,2023-10-29
GH-01726,Plantain,Eastern,0.53,21.2,135.3,5.26,1692.6,14586.1,2022-01-31,2022-06-13
GH-00555,Maize,Ashanti,3.12,43.0,213.9,5.06,1371.5,3949.4,2022-07-09,2022-11-26
GH-00066,Rice,Northern,2.44,26.5,252.1,4.52,1109.5,4628.1,2023-11-22,2024-03-28
GH-00194,,Upper East,1.72,29.2,152.6,5.52,1001.8,1685.9,2023-09-14,2024-02-07
GH-01421,Maize,Volta,1.51,28.4,250.8,6.18,1105.7,3228.8,2023-12-26,2024-05-15
GH-01008,Yam,Northern Region,3.06,9.6,278.6,5.97,1105.5,8387.4,2023-10-17,2024-04-18
GH-01453,Soybean,Eastern,2.43,13.6,227.7,6.43,1365.9,2210.3,2023-09-06,2024-01-25
GH-00917,Rice,Volta,1.69,12.4,290.4,5.41,1144.6,2484.8,2022-01-08,2022-05-30
GH-00553,,Eastern,2.86,,69.3,7.0,1641.0,14073.3,2022-02-06,2023-03-06
GH-00465,Cocoa,Central,1.79,45.2,53.8,7.33,1125.8,532.6,2022-08-27,2023-04-22
GH-00883,Cassava,Upper West,3.36,25.0,52.0,5.62,1072.5,10305.3,2023-08-11,2025-01-07
GH-00703,Maize,Western,2.04,25.6,291.6,4.77,1746.1,2439.5,2022-01-08,2022-04-19
GH-01446,Maize,Upper West,3.46,18.0,,4.53,1037.4,3155.7,2023-08-30,2023-12-30
GH-01011,Yam,Volta,3.21,37.2,,4.57,1375.1,12953.7,2022-11-21,2023-09-02
GH-01071,,Central,3.49,34.7,231.6,5.74,1347.9,9053.0,2022-04-13,2022-11-19
GH-00684,Cocoa,Brong Ahafo,2.09,5.3,214.8,7.18,,539.6,2023-09-03,2023-12-10
GH-01728,Maize,Western,0.95,24.2,227.9,6.86,1884.9,4023.6,2022-09-25,2023-01-23
GH-00053,Cassava,Eastern,1.93,33.7,273.1,5.72,1741.8,18263.7,2022-05-08,2023-06-18
GH-00769,Cocoa,Central,2.74,9.1,232.9,4.71,1468.5,1116.7,2022-07-19,2023-05-07
GH-00771,Yam,Upper West,2.09,11.0,263.9,6.93,1067.4,,2023-11-26,2024-08-13
GH-01368,Plantain,Greater Accra,3.34,6.7,274.5,4.5,1221.1,10845.2,2023-04-26,2023-07-29
GH-00848,Rice,Eastern,1.83,10.4,288.9,7.42,1566.5,2024.2,2023-08-15,2023-11-26
GH-01814,Yam,Northern,1.36,38.7,180.8,7.09,1018.4,10886.0,2022-12-06,2023-07-11
GH-01999,Groundnut,Central,1.12,22.6,52.2,4.55,1247.6,1918.3,2023-02-02,2023-05-07
GH-01967,Maize,Western,2.42,23.2,221.0,7.32,1903.6,3304.3,2022-12-23,2023-04-17
GH-01346,Cassava,Eastern,2.67,46.6,212.0,4.74,1343.9,19385.6,2023-09-24,2024-12-04
GH-01919,Cassava,Western,1.58,43.5,87.1,5.49,2093.3,18307.1,2022-12-28,2024-06-12
GH-00294,Rice,Western,0.64,30.9,214.8,5.05,1654.1,2299.7,2022-09-20,2023-01-06
GH-00546,Soybean,Ashanti,1.12,,167.9,6.29,1337.3,,2022-03-05,2022-06-06
GH-00190,Plantain,Greater Accra,2.48,24.7,244.6,4.55,1093.6,11913.5,2023-06-05,2023-09-28
GH-01228,,Upper West,2.17,,189.2,7.48,956.5,1381.3,2022-05-25,2022-08-26
GH-01932,Cocoa,Ashanti,1.27,8.6,147.9,6.64,1493.2,772.5,2022-01-28,2022-07-29
GH-01124,Groundnut,Ashanti,0.77,30.9,63.7,6.88,1373.2,973.8,2023-08-26,2024-01-02
GH-00272,Soybean,Greater Accra,3.02,42.1,126.6,5.86,1100.0,1956.3,2022-07-07,2022-11-08
GH-01895,,NR,1.49,8.0,249.8,4.58,1077.4,2566.4,2022-03-02,2022-07-26
GH-00810,Yam,Upper East,2.52,42.7,178.3,4.79,1025.9,14328.8,2022-04-28,2022-12-16
GH-01552,Yam,Greater Accra,2.43,23.2,245.3,7.06,1163.8,17674.8,2022-07-03,2023-01-17
GH-00028,Rice,Upper East,1.63,9.4,241.8,6.41,904.8,3259.0,2023-02-15,2023-07-01
GH-01838,Cocoa,Western,2.84,8.4,174.3,7.47,1509.4,902.8,2023-03-12,2023-09-14
GH-00291,Maize,Northern,1.88,14.0,76.6,4.68,1096.7,1740.6,2022-05-26,2022-09-26
GH-01184,Cocoa,Western,1.73,47.1,283.2,4.82,1631.6,1140.9,2022-11-02,2023-08-13
GH-01112,Maize,Volta,3.24,47.6,169.9,7.1,1027.9,4437.7,2023-11-28,2024-04-10
GH-00280,Rice,Upper East,3.17,47.0,169.6,4.96,949.5,3660.7,2022-07-20,2022-11-01
GH-00827,Cassava,Volta,1.43,28.1,213.3,5.63,1178.5,11321.4,2023-04-24,2024-09-15
GH-00779,Soybean,Ashanti,2.96,20.1,115.8,5.98,1454.5,1418.7,2022-10-04,2023-01-28
GH-01850,Rice,Greater Accra,2.34,50.0,115.3,5.27,1066.8,4956.4,2022-09-26,2023-01-20
GH-01166,Rice,Eastern,1.96,25.2,194.3,6.68,1658.3,4813.1,2023-08-14,2023-12-18
GH-01024,Rice,Northern,3.47,20.0,97.4,5.77,1044.0,2342.7,2022-07-27,2022-12-13
GH-01076,Yam,Upper East,1.9,18.5,130.6,6.56,1049.6,16800.4,2022-03-07,2022-10-28
GH-01032,Soybean,Western,2.3,28.7,151.5,5.2,1778.4,1087.0,2023-09-17,2024-01-16
GH-01345,Groundnut,Upper West,2.89,14.3,190.8,5.1,983.3,1213.6,2022-09-20,2023-01-25
GH-00004,Groundnut,Volta,2.97,28.6,161.6,4.5,1225.5,1904.2,2023-02-12,2023-06-11
GH-00985,Soybean,Volta,2.56,14.6,142.8,5.72,1200.7,2594.4,2023-06-06,2023-10-15
GH-01246,Soybean,Volta,3.31,33.2,232.5,5.73,1173.9,2764.7,2023-08-11,2024-03-30
GH-01082,Yam,Brong Ahafo,2.33,40.5,122.9,6.26,1273.6,6671.5,2023-09-10,2024-04-09
GH-01457,Plantain,Brong Ahafo,0.89,28.8,277.9,5.9,1369.7,,2023-03-04,2023-07-08
GH-00632,Cocoa,Northern,2.4,,192.4,5.85,1001.6,600.4,2022-05-19,2023-01-24
GH-00578,Plantain,Brong Ahafo,2.05,5.4,139.1,6.37,1268.5,12902.8,2023-11-09,2024-03-25
GH-01401,Cassava,Ashanti,1.95,39.4,114.9,6.62,1989.8,14638.2,2023-04-28,2024-05-02
GH-00614,Rice,Upper East,1.39,38.3,285.9,5.22,1099.6,2256.5,2023-11-04,2024-03-13
GH-01400,Yam,Ashanti,2.68,10.7,206.8,4.94,1975.6,6326.4,2022-01-03,2022-10-16
